Workbook

Sheet Cars
A1: Name | B1: Manufacturer | C1: Year | D1: Model | E1: Type | F1: Rarity | G1: =$F1 -> Rarity | H1: Country | I1: Value | J1: Super Wheelspins (pre Series 4) | K1: Wheelspins (pre Series 4) | L1: Skill-Points (pre Series 4) | M1: Expected Gain per Skill-Point when owned (pre Series 4) | N1: Expected Gain per Skill-Point when buying (pre Series 4)
A2: Abarth 595 '68 | B2: Abarth | C2: 1968 | D2: Abarth 595 esseesse | E2: Cult Classics | F2: =IF(ISBLANK($G2),,VLOOKUP($G2, Rarities!$A$1:$B869, 2, FALSE())) -> 1 | G2: Common | H2: =VLOOKUP(B2,Manufacturers!A$1:B869,2) -> IT | I2: 35000
A3: Abarth 131 | B3: Abarth | C3: 1980 | D3: Fiat 131 | E3: Classic Rally | F3: =IF(ISBLANK($G3),,VLOOKUP($G3, Rarities!$A$1:$B869, 2, FALSE())) -> 1 | G3: Common | H3: =VLOOKUP(B3,Manufacturers!A$1:B869,2) -> IT | I3: 250000
A4: Abarth 695 '16 | B4: Abarth | C4: 2016 | D4: 695 Biposto | E4: Hot Hatch | F4: =IF(ISBLANK($G4),,VLOOKUP($G4, Rarities!$A$1:$B869, 2, FALSE())) -> 1 | G4: Common | H4: =VLOOKUP(B4,Manufacturers!A$1:B869,2) -> IT | I4: 250000
A5: Abarth 124 '17 | B5: Abarth | C5: 2017 | D5: 124 Spider | E5: Modern Sports Cars | F5: =IF(ISBLANK($G5),,VLOOKUP($G5, Rarities!$A$1:$B869, 2, FALSE())) -> 1 | G5: Common | H5: =VLOOKUP(B5,Manufacturers!A$1:B869,2) -> IT | I5: 250000
A6: Acura Integra | B6: Acura | C6: 2001 | D6: Integra Type R | E6: Retro Hot Hatch | F6: =IF(ISBLANK($G6),,VLOOKUP($G6, Rarities!$A$1:$B869, 2, FALSE())) -> 1 | G6: Common | H6: =VLOOKUP(B6,Manufacturers!A$1:B869,2) -> US | I6: 25000 | K6: 1 | L6: 9 | M6: =IF(AND(ISNUMBER(L6),L6>0),(3*J6+K6)*#REF!/L6,"-") -> #REF! | N6: =IF(AND(#REF!,ISNUMBER(L6),L6>0),((3*J6+K6)*#REF!-I6)/L6,"-") -> #REF!
A7: Acura RSX | B7: Acura | C7: 2002 | D7: RSX Type S | E7: Retro Hot Hatch | F7: =IF(ISBLANK($G7),,VLOOKUP($G7, Rarities!$A$1:$B869, 2, FALSE())) -> 1 | G7: Common | H7: =VLOOKUP(B7,Manufacturers!A$1:B869,2) -> US | I7: 25000 | K7: 1 | L7: 9 | M7: =IF(AND(ISNUMBER(L7),L7>0),(3*J7+K7)*#REF!/L7,"-") -> #REF! | N7: =IF(AND(#REF!,ISNUMBER(L7),L7>0),((3*J7+K7)*#REF!-I7)/L7,"-") -> #REF!
A8: Acura NSX '17 | B8: Acura | C8: 2017 | D8: NSX | E8: Modern Supercars | F8: =IF(ISBLANK($G8),,VLOOKUP($G8, Rarities!$A$1:$B869, 2, FALSE())) -> 2 | G8: Rare | H8: =VLOOKUP(B8,Manufacturers!A$1:B869,2) -> US | I8: 170000 | K8: 1 | L8: 9 | M8: =IF(AND(ISNUMBER(L8),L8>0),(3*J8+K8)*#REF!/L8,"-") -> #REF! | N8: =IF(AND(#REF!,ISNUMBER(L8),L8>0),((3*J8+K8)*#REF!-I8)/L8,"-") -> #REF!
A9: Alfa Romeo TZ2 | B9: Alfa Romeo | C9: 1965 | D9: Giulia TZ2 | E9: Classic Racers | F9: =IF(ISBLANK($G9),,VLOOKUP($G9, Rarities!$A$1:$B869, 2, FALSE())) -> 4 | G9: Legendary | H9: =VLOOKUP(B9,Manufacturers!A$1:B869,2) -> IT | I9: 4000000
A10: Alfa Romeo GTA | B10: Alfa Romeo | C10: 1965 | D10: Giulia Sprint GTA Stradale | E10: Rare Classics | F10: =IF(ISBLANK($G10),,VLOOKUP($G10, Rarities!$A$1:$B869, 2, FALSE())) -> 2 | G10: Rare | H10: =VLOOKUP(B10,Manufacturers!A$1:B869,2) -> IT | I10: 300000
A11: Alfa Romeo 33S | B11: Alfa Romeo | C11: 1968 | D11: 33 Stradale | E11: Classic Racers | F11: =IF(ISBLANK($G11),,VLOOKUP($G11, Rarities!$A$1:$B869, 2, FALSE())) -> 4 | G11: Legendary | H11: =VLOOKUP(B11,Manufacturers!A$1:B869,2) -> IT | I11: 15000000
A12: Alfa Romeo 155 | B12: Alfa Romeo | C12: 1992 | D12: 155 Q4 | E12: Retro Saloons | F12: =IF(ISBLANK($G12),,VLOOKUP($G12, Rarities!$A$1:$B869, 2, FALSE())) -> 1 | G12: Common | H12: =VLOOKUP(B12,Manufacturers!A$1:B869,2) -> IT | I12: 250000
A13: Alfa Romeo 8C | B13: Alfa Romeo | C13: 2007 | D13: 8C Competizione | E13: GT Cars | F13: =IF(ISBLANK($G13),,VLOOKUP($G13, Rarities!$A$1:$B869, 2, FALSE())) -> 3 | G13: Epic | H13: =VLOOKUP(B13,Manufacturers!A$1:B869,2) -> IT | I13: 300000
A14: Alfa Romeo 4C | B14: Alfa Romeo | C14: 2014 | D14: 4C | E14: Modern Sports Cars | F14: =IF(ISBLANK($G14),,VLOOKUP($G14, Rarities!$A$1:$B869, 2, FALSE())) -> 2 | G14: Rare | H14: =VLOOKUP(B14,Manufacturers!A$1:B869,2) -> IT | I14: 250000
A15: Alfa Giulia '17 | B15: Alfa Romeo | C15: 2017 | D15: Giulia Quadrifoglio | E15: Super Saloons | F15: =IF(ISBLANK($G15),,VLOOKUP($G15, Rarities!$A$1:$B869, 2, FALSE())) -> 2 | G15: Rare | H15: =VLOOKUP(B15,Manufacturers!A$1:B869,2) -> IT | I15: 120000
A16: Alpine A110 '73 | B16: Alpine | C16: 1973 | D16: A110 1600S | E16: Classic Rally | F16: =IF(ISBLANK($G16),,VLOOKUP($G16, Rarities!$A$1:$B869, 2, FALSE())) -> 2 | G16: Rare | H16: =VLOOKUP(B16,Manufacturers!A$1:B869,2) -> FR | I16: 98000 | K16: 1 | L16: 9 | M16: =IF(AND(ISNUMBER(L16),L16>0),(3*J16+K16)*#REF!/L16,"-") -> #REF! | N16: =IF(AND(#REF!,ISNUMBER(L16),L16>0),((3*J16+K16)*#REF!-I16)/L16,"-") -> #REF!
A17: Alpine A110 '17 | B17: Alpine | C17: 2017 | D17: A110 | E17: Modern Sports Cars | F17: =IF(ISBLANK($G17),,VLOOKUP($G17, Rarities!$A$1:$B869, 2, FALSE())) -> 3 | G17: Epic | H17: =VLOOKUP(B17,Manufacturers!A$1:B869,2) -> FR | I17: 67500 | K17: 1 | L17: 14 | M17: =IF(AND(ISNUMBER(L17),L17>0),(3*J17+K17)*#REF!/L17,"-") -> #REF! | N17: =IF(AND(#REF!,ISNUMBER(L17),L17>0),((3*J17+K17)*#REF!-I17)/L17,"-") -> #REF!
A18: Alumni Craft C. 10 | B18: Alumnicraft | C18: 2015 | D18: Class 10 Race Car | E18: Unlimited Buggies | F18: =IF(ISBLANK($G18),,VLOOKUP($G18, Rarities!$A$1:$B869, 2, FALSE())) -> 3 | G18: Epic | H18: =VLOOKUP(B18,Manufacturers!A$1:B869,2) -> US | I18: 300000 | K18: 2 | L18: 16 | M18: =IF(AND(ISNUMBER(L18),L18>0),(3*J18+K18)*#REF!/L18,"-") -> #REF! | N18: =IF(AND(#REF!,ISNUMBER(L18),L18>0),((3*J18+K18)*#REF!-I18)/L18,"-") -> #REF!
A19: #122 AC Class 1 | B19: Alumnicraft | C19: 2021 | D19: #122 Class 1 Buggy | E19: Unlimited Buggies | F19: =IF(ISBLANK($G19),,VLOOKUP($G19, Rarities!$A$1:$B869, 2, FALSE())) -> 3 | G19: Epic | H19: =VLOOKUP(B19,Manufacturers!A$1:B869,2) -> US | I19: 300000
A20: #6165 Truck | B20: Alumnicraft | C20: 2022 | D20: #6165 Trick Truck | E20: Unlimited Offroad | F20: =IF(ISBLANK($G20),,VLOOKUP($G20, Rarities!$A$1:$B869, 2, FALSE())) -> 3 | G20: Epic | H20: =VLOOKUP(B20,Manufacturers!A$1:B869,2) -> US | I20: 500000
A21: AMC Rebel | B21: AMC | C21: 1970 | D21: Rebel "The Machine" | E21: Classic Muscle | F21: =IF(ISBLANK($G21),,VLOOKUP($G21, Rarities!$A$1:$B869, 2, FALSE())) -> 2 | G21: Rare | H21: =VLOOKUP(B21,Manufacturers!A$1:B869,2) -> US | I21: 250000
A22: AMC Javelin | B22: AMC | C22: 1971 | D22: Javelin AMX | E22: Classic Muscle | F22: =IF(ISBLANK($G22),,VLOOKUP($G22, Rarities!$A$1:$B869, 2, FALSE())) -> 2 | G22: Rare | H22: =VLOOKUP(B22,Manufacturers!A$1:B869,2) -> US | I22: 250000
A23: AMC Gremlin | B23: AMC | C23: 1973 | D23: Gremlin X | E23: Cult Classics | F23: =IF(ISBLANK($G23),,VLOOKUP($G23, Rarities!$A$1:$B869, 2, FALSE())) -> 1 | G23: Common | H23: =VLOOKUP(B23,Manufacturers!A$1:B869,2) -> US | I23: 35000 | K23: 1 | L23: 9 | M23: =IF(AND(ISNUMBER(L23),L23>0),(3*J23+K23)*#REF!/L23,"-") -> #REF! | N23: =IF(AND(#REF!,ISNUMBER(L23),L23>0),((3*J23+K23)*#REF!-I23)/L23,"-") -> #REF!
A24: M12S Warthog CST | B24: AMG Transport Dynamics | C24: 2554 | D24: M12S Warthog CST | E24: Unlimited Offroad | F24: =IF(ISBLANK($G24),,VLOOKUP($G24, Rarities!$A$1:$B869, 2, FALSE())) -> 4 | G24: Legendary | H24: =VLOOKUP(B24,Manufacturers!A$1:B869,2) -> US | I24: 850000 | K24: 2 | L24: 9 | M24: =IF(AND(ISNUMBER(L24),L24>0),(3*J24+K24)*#REF!/L24,"-") -> #REF! | N24: =IF(AND(#REF!,ISNUMBER(L24),L24>0),((3*J24+K24)*#REF!-I24)/L24,"-") -> #REF!
A25: Apollo IE '18 | B25: Apollo | C25: 2018 | D25: Intensa Emozione | E25: Extreme Track Toys | F25: =IF(ISBLANK($G25),,VLOOKUP($G25, Rarities!$A$1:$B869, 2, FALSE())) -> 4 | G25: Legendary | H25: =VLOOKUP(B25,Manufacturers!A$1:B869,2) -> DE | I25: 1500000 | K25: 2 | L25: 13 | M25: =IF(AND(ISNUMBER(L25),L25>0),(3*J25+K25)*#REF!/L25,"-") -> #REF! | N25: =IF(AND(#REF!,ISNUMBER(L25),L25>0),((3*J25+K25)*#REF!-I25)/L25,"-") -> #REF!
A26: Apollo IE WP | B26: Apollo | C26: 2018 | D26: Intensa Emozione "Welcome Pack" | E26: Extreme Track Toys | F26: =IF(ISBLANK($G26),,VLOOKUP($G26, Rarities!$A$1:$B869, 2, FALSE())) -> 1 | G26: Common | H26: =VLOOKUP(B26,Manufacturers!A$1:B869,2) -> DE | I26: 1500000 | K26: 2 | L26: 13 | M26: =IF(AND(ISNUMBER(L26),L26>0),(3*J26+K26)*#REF!/L26,"-") -> #REF! | N26: =IF(AND(#REF!,ISNUMBER(L26),L26>0),((3*J26+K26)*#REF!-I26)/L26,"-") -> #REF!
A27: Ariel Atom | B27: Ariel | C27: 2013 | D27: Atom 500 V8 | E27: Extreme Track Toys | F27: =IF(ISBLANK($G27),,VLOOKUP($G27, Rarities!$A$1:$B869, 2, FALSE())) -> 3 | G27: Epic | H27: =VLOOKUP(B27,Manufacturers!A$1:B869,2) -> GB | I27: 200000 | K27: 2 | L27: 11 | M27: =IF(AND(ISNUMBER(L27),L27>0),(3*J27+K27)*#REF!/L27,"-") -> #REF! | N27: =IF(AND(#REF!,ISNUMBER(L27),L27>0),((3*J27+K27)*#REF!-I27)/L27,"-") -> #REF!
A28: Ariel Nomad | B28: Ariel | C28: 2016 | D28: Nomad | E28: Unlimited Buggies | F28: =IF(ISBLANK($G28),,VLOOKUP($G28, Rarities!$A$1:$B869, 2, FALSE())) -> 2 | G28: Rare | H28: =VLOOKUP(B28,Manufacturers!A$1:B869,2) -> GB | I28: 93000 | K28: 1 | L28: 14 | M28: =IF(AND(ISNUMBER(L28),L28>0),(3*J28+K28)*#REF!/L28,"-") -> #REF! | N28: =IF(AND(#REF!,ISNUMBER(L28),L28>0),((3*J28+K28)*#REF!-I28)/L28,"-") -> #REF!
A29: Ascari KZ1R | B29: Ascari | C29: 2012 | D29: KZ1R | E29: Modern Supercars | F29: =IF(ISBLANK($G29),,VLOOKUP($G29, Rarities!$A$1:$B869, 2, FALSE())) -> 3 | G29: Epic | H29: =VLOOKUP(B29,Manufacturers!A$1:B869,2) -> GB | I29: 250000
A30: AM DBR1 | B30: Aston Martin | C30: 1958 | D30: DBR1 | E30: Classic Racers | F30: =IF(ISBLANK($G30),,VLOOKUP($G30, Rarities!$A$1:$B869, 2, FALSE())) -> 4 | G30: Legendary | H30: =VLOOKUP(B30,Manufacturers!A$1:B869,2) -> GB | I30: 22500000
A31: AM DB5 | B31: Aston Martin | C31: 1964 | D31: DB5 | E31: Rare Classics | F31: =IF(ISBLANK($G31),,VLOOKUP($G31, Rarities!$A$1:$B869, 2, FALSE())) -> 3 | G31: Epic | H31: =VLOOKUP(B31,Manufacturers!A$1:B869,2) -> GB | I31: 800000 | K31: 2 | L31: 11 | M31: =IF(AND(ISNUMBER(L31),L31>0),(3*J31+K31)*#REF!/L31,"-") -> #REF! | N31: =IF(AND(#REF!,ISNUMBER(L31),L31>0),((3*J31+K31)*#REF!-I31)/L31,"-") -> #REF!
A32: AM DBS | B32: Aston Martin | C32: 2008 | D32: DBS | E32: GT Cars | F32: =IF(ISBLANK($G32),,VLOOKUP($G32, Rarities!$A$1:$B869, 2, FALSE())) -> 3 | G32: Epic | H32: =VLOOKUP(B32,Manufacturers!A$1:B869,2) -> GB | I32: 325000
A33: AM One-77 | B33: Aston Martin | C33: 2010 | D33: One-77 | E33: Super GT | F33: =IF(ISBLANK($G33),,VLOOKUP($G33, Rarities!$A$1:$B869, 2, FALSE())) -> 4 | G33: Legendary | H33: =VLOOKUP(B33,Manufacturers!A$1:B869,2) -> GB | I33: 1400000
A34: Vantage S '13 | B34: Aston Martin | C34: 2013 | D34: V12 Vantage S | E34: Super GT | F34: =IF(ISBLANK($G34),,VLOOKUP($G34, Rarities!$A$1:$B869, 2, FALSE())) -> 3 | G34: Epic | H34: =VLOOKUP(B34,Manufacturers!A$1:B869,2) -> GB | I34: 240000 | K34: 1 | L34: 14 | M34: =IF(AND(ISNUMBER(L34),L34>0),(3*J34+K34)*#REF!/L34,"-") -> #REF! | N34: =IF(AND(#REF!,ISNUMBER(L34),L34>0),((3*J34+K34)*#REF!-I34)/L34,"-") -> #REF!
A35: AM Vantage '16 | B35: Aston Martin | C35: 2016 | D35: Vantage GT12 | E35: Track Toys | F35: =IF(ISBLANK($G35),,VLOOKUP($G35, Rarities!$A$1:$B869, 2, FALSE())) -> 3 | G35: Epic | H35: =VLOOKUP(B35,Manufacturers!A$1:B869,2) -> GB | I35: 400000 | K35: 1 | L35: 9 | M35: =IF(AND(ISNUMBER(L35),L35>0),(3*J35+K35)*#REF!/L35,"-") -> #REF! | N35: =IF(AND(#REF!,ISNUMBER(L35),L35>0),((3*J35+K35)*#REF!-I35)/L35,"-") -> #REF!
A36: AM Vulcan AMR | B36: Aston Martin | C36: 2017 | D36: Vulcan AMR Pro | E36: Extreme Track Toys | F36: =IF(ISBLANK($G36),,VLOOKUP($G36, Rarities!$A$1:$B869, 2, FALSE())) -> 4 | G36: Legendary | H36: =VLOOKUP(B36,Manufacturers!A$1:B869,2) -> GB | I36: 2000000 | K36: 2 | L36: 11 | M36: =IF(AND(ISNUMBER(L36),L36>0),(3*J36+K36)*#REF!/L36,"-") -> #REF! | N36: =IF(AND(#REF!,ISNUMBER(L36),L36>0),((3*J36+K36)*#REF!-I36)/L36,"-") -> #REF!
A37: AM DB11 | B37: Aston Martin | C37: 2017 | D37: DB11 | E37: Super GT | F37: =IF(ISBLANK($G37),,VLOOKUP($G37, Rarities!$A$1:$B869, 2, FALSE())) -> 3 | G37: Epic | H37: =VLOOKUP(B37,Manufacturers!A$1:B869,2) -> GB | I37: 300000 | K37: 1 | L37: 14 | M37: =IF(AND(ISNUMBER(L37),L37>0),(3*J37+K37)*#REF!/L37,"-") -> #REF! | N37: =IF(AND(#REF!,ISNUMBER(L37),L37>0),((3*J37+K37)*#REF!-I37)/L37,"-") -> #REF!
A38: Valhalla Concept | B38: Aston Martin | C38: 2019 | D38: Valhalla Concept Car | E38: Hypercars | F38: =IF(ISBLANK($G38),,VLOOKUP($G38, Rarities!$A$1:$B869, 2, FALSE())) -> 4 | G38: Legendary | H38: =VLOOKUP(B38,Manufacturers!A$1:B869,2) -> GB | I38: 1150000 | J38: 2 | K38: 1 | L38: 21 | M38: =IF(AND(ISNUMBER(L38),L38>0),(3*J38+K38)*#REF!/L38,"-") -> #REF! | N38: =IF(AND(#REF!,ISNUMBER(L38),L38>0),((3*J38+K38)*#REF!-I38)/L38,"-") -> #REF!
A39: AM DBS SL '19 | B39: Aston Martin | C39: 2019 | D39: DBS Superleggera | E39: Super GT | F39: =IF(ISBLANK($G39),,VLOOKUP($G39, Rarities!$A$1:$B869, 2, FALSE())) -> 3 | G39: Epic | H39: =VLOOKUP(B39,Manufacturers!A$1:B869,2) -> GB | I39: 350000 | K39: 1 | L39: 14 | M39: =IF(AND(ISNUMBER(L39),L39>0),(3*J39+K39)*#REF!/L39,"-") -> #REF! | N39: =IF(AND(#REF!,ISNUMBER(L39),L39>0),((3*J39+K39)*#REF!-I39)/L39,"-") -> #REF!
A40: AM Vantage '19 | B40: Aston Martin | C40: 2019 | D40: Vantage | E40: GT Cars | F40: =IF(ISBLANK($G40),,VLOOKUP($G40, Rarities!$A$1:$B869, 2, FALSE())) -> 3 | G40: Epic | H40: =VLOOKUP(B40,Manufacturers!A$1:B869,2) -> GB | I40: 430000 | K40: 1 | L40: 14 | M40: =IF(AND(ISNUMBER(L40),L40>0),(3*J40+K40)*#REF!/L40,"-") -> #REF! | N40: =IF(AND(#REF!,ISNUMBER(L40),L40>0),((3*J40+K40)*#REF!-I40)/L40,"-") -> #REF!
A41: AM DBX '21 | B41: Aston Martin | C41: 2021 | D41: DBX | E41: Sports Utility Heroes | F41: =IF(ISBLANK($G41),,VLOOKUP($G41, Rarities!$A$1:$B869, 2, FALSE())) -> 2 | G41: Rare | H41: =VLOOKUP(B41,Manufacturers!A$1:B869,2) -> GB | I41: 200000
A42: AM Valkyrie AMR | B42: Aston Martin | C42: 2022 | D42: Valkyrie AMR Pro | E42: Extreme Track Toys | F42: =IF(ISBLANK($G42),,VLOOKUP($G42, Rarities!$A$1:$B869, 2, FALSE())) -> 4 | G42: Legendary | H42: =VLOOKUP(B42,Manufacturers!A$1:B869,2) -> GB | I42: 4210000
A43: AM Valkyrie | B43: Aston Martin | C43: 2023 | D43: Valkyrie | E43: Hypercars | F43: =IF(ISBLANK($G43),,VLOOKUP($G43, Rarities!$A$1:$B869, 2, FALSE())) -> 4 | G43: Legendary | H43: =VLOOKUP(B43,Manufacturers!A$1:B869,2) -> GB | I43: 3250000
A44: ATS GT '18 | B44: ATS | C44: 2018 | D44: GT | E44: Modern Supercars | F44: =IF(ISBLANK($G44),,VLOOKUP($G44, Rarities!$A$1:$B869, 2, FALSE())) -> 3 | G44: Epic | H44: =VLOOKUP(B44,Manufacturers!A$1:B869,2) -> IT | I44: 850000
A45: Audi quattro | B45: Audi | C45: 1983 | D45: Sport quattro | E45: Retro Rally | F45: =IF(ISBLANK($G45),,VLOOKUP($G45, Rarities!$A$1:$B869, 2, FALSE())) -> 3 | G45: Epic | H45: =VLOOKUP(B45,Manufacturers!A$1:B869,2) -> DE | I45: 175000 | K45: 1 | L45: 9 | M45: =IF(AND(ISNUMBER(L45),L45>0),(3*J45+K45)*#REF!/L45,"-") -> #REF! | N45: =IF(AND(#REF!,ISNUMBER(L45),L45>0),((3*J45+K45)*#REF!-I45)/L45,"-") -> #REF!
A46: #2 Audi S1 | B46: Audi | C46: 1986 | D46: #2 Audi Sport quattro S1 | E46: Rally Monsters | F46: =IF(ISBLANK($G46),,VLOOKUP($G46, Rarities!$A$1:$B869, 2, FALSE())) -> 4 | G46: Legendary | H46: =VLOOKUP(B46,Manufacturers!A$1:B869,2) -> DE | I46: 375000
A47: Audi RS2 '95 | B47: Audi | C47: 1995 | D47: Avant RS2 | E47: Retro Saloons | F47: =IF(ISBLANK($G47),,VLOOKUP($G47, Rarities!$A$1:$B869, 2, FALSE())) -> 1 | G47: Common | H47: =VLOOKUP(B47,Manufacturers!A$1:B869,2) -> DE | I47: 50000 | K47: 1 | L47: 9 | M47: =IF(AND(ISNUMBER(L47),L47>0),(3*J47+K47)*#REF!/L47,"-") -> #REF! | N47: =IF(AND(#REF!,ISNUMBER(L47),L47>0),((3*J47+K47)*#REF!-I47)/L47,"-") -> #REF!
A48: Audi RS 4 '01 | B48: Audi | C48: 2001 | D48: RS 4 Avant | E48: Retro Saloons | F48: =IF(ISBLANK($G48),,VLOOKUP($G48, Rarities!$A$1:$B869, 2, FALSE())) -> 1 | G48: Common | H48: =VLOOKUP(B48,Manufacturers!A$1:B869,2) -> DE | I48: 94000 | K48: 1 | L48: 9 | M48: =IF(AND(ISNUMBER(L48),L48>0),(3*J48+K48)*#REF!/L48,"-") -> #REF! | N48: =IF(AND(#REF!,ISNUMBER(L48),L48>0),((3*J48+K48)*#REF!-I48)/L48,"-") -> #REF!
A49: Audi RS 6 '03 | B49: Audi | C49: 2003 | D49: RS 6 | E49: Retro Saloons | F49: =IF(ISBLANK($G49),,VLOOKUP($G49, Rarities!$A$1:$B869, 2, FALSE())) -> 2 | G49: Rare | H49: =VLOOKUP(B49,Manufacturers!A$1:B869,2) -> DE | I49: 105000 | K49: 1 | L49: 9 | M49: =IF(AND(ISNUMBER(L49),L49>0),(3*J49+K49)*#REF!/L49,"-") -> #REF! | N49: =IF(AND(#REF!,ISNUMBER(L49),L49>0),((3*J49+K49)*#REF!-I49)/L49,"-") -> #REF!
A50: Audi RS 4 '06 | B50: Audi | C50: 2006 | D50: RS 4 | E50: Super Saloons | F50: =IF(ISBLANK($G50),,VLOOKUP($G50, Rarities!$A$1:$B869, 2, FALSE())) -> 2 | G50: Rare | H50: =VLOOKUP(B50,Manufacturers!A$1:B869,2) -> DE | I50: 53000 | K50: 1 | L50: 14 | M50: =IF(AND(ISNUMBER(L50),L50>0),(3*J50+K50)*#REF!/L50,"-") -> #REF! | N50: =IF(AND(#REF!,ISNUMBER(L50),L50>0),((3*J50+K50)*#REF!-I50)/L50,"-") -> #REF!
A51: Audi RS 6 '09 | B51: Audi | C51: 2009 | D51: RS 6 | E51: Super Saloons | F51: =IF(ISBLANK($G51),,VLOOKUP($G51, Rarities!$A$1:$B869, 2, FALSE())) -> 3 | G51: Epic | H51: =VLOOKUP(B51,Manufacturers!A$1:B869,2) -> DE | I51: 155000 | K51: 1 | L51: 9 | M51: =IF(AND(ISNUMBER(L51),L51>0),(3*J51+K51)*#REF!/L51,"-") -> #REF! | N51: =IF(AND(#REF!,ISNUMBER(L51),L51>0),((3*J51+K51)*#REF!-I51)/L51,"-") -> #REF!
A52: Audi TT RS | B52: Audi | C52: 2010 | D52: TT RS Coupé | E52: Modern Sports Cars | F52: =IF(ISBLANK($G52),,VLOOKUP($G52, Rarities!$A$1:$B869, 2, FALSE())) -> 2 | G52: Rare | H52: =VLOOKUP(B52,Manufacturers!A$1:B869,2) -> DE | I52: 66000 | K52: 1 | L52: 9 | M52: =IF(AND(ISNUMBER(L52),L52>0),(3*J52+K52)*#REF!/L52,"-") -> #REF! | N52: =IF(AND(#REF!,ISNUMBER(L52),L52>0),((3*J52+K52)*#REF!-I52)/L52,"-") -> #REF!
A53: Audi RS 5 | B53: Audi | C53: 2011 | D53: RS 5 Coupé | E53: Super Saloons | F53: =IF(ISBLANK($G53),,VLOOKUP($G53, Rarities!$A$1:$B869, 2, FALSE())) -> 2 | G53: Rare | H53: =VLOOKUP(B53,Manufacturers!A$1:B869,2) -> DE | I53: 88000 | K53: 1 | L53: 14 | M53: =IF(AND(ISNUMBER(L53),L53>0),(3*J53+K53)*#REF!/L53,"-") -> #REF! | N53: =IF(AND(#REF!,ISNUMBER(L53),L53>0),((3*J53+K53)*#REF!-I53)/L53,"-") -> #REF!
A54: Audi RS 3 | B54: Audi | C54: 2011 | D54: RS 3 Sportback | E54: Super Hot Hatch | F54: =IF(ISBLANK($G54),,VLOOKUP($G54, Rarities!$A$1:$B869, 2, FALSE())) -> 1 | G54: Common | H54: =VLOOKUP(B54,Manufacturers!A$1:B869,2) -> DE | I54: 42000 | K54: 1 | L54: 9 | M54: =IF(AND(ISNUMBER(L54),L54>0),(3*J54+K54)*#REF!/L54,"-") -> #REF! | N54: =IF(AND(#REF!,ISNUMBER(L54),L54>0),((3*J54+K54)*#REF!-I54)/L54,"-") -> #REF!
A55: Audi R8 '13 | B55: Audi | C55: 2013 | D55: R8 Coupé V10 Plus 5.2 FSI Quattro | E55: Modern Supercars | F55: =IF(ISBLANK($G55),,VLOOKUP($G55, Rarities!$A$1:$B869, 2, FALSE())) -> 3 | G55: Epic | H55: =VLOOKUP(B55,Manufacturers!A$1:B869,2) -> DE | I55: 290000 | K55: 2 | L55: 34 | M55: =IF(AND(ISNUMBER(L55),L55>0),(3*J55+K55)*#REF!/L55,"-") -> #REF! | N55: =IF(AND(#REF!,ISNUMBER(L55),L55>0),((3*J55+K55)*#REF!-I55)/L55,"-") -> #REF!
A56: Audi RS 7 | B56: Audi | C56: 2013 | D56: RS 7 Sportback | E56: Super Saloons | F56: =IF(ISBLANK($G56),,VLOOKUP($G56, Rarities!$A$1:$B869, 2, FALSE())) -> 3 | G56: Epic | H56: =VLOOKUP(B56,Manufacturers!A$1:B869,2) -> DE | I56: 225000 | K56: 1 | L56: 9 | M56: =IF(AND(ISNUMBER(L56),L56>0),(3*J56+K56)*#REF!/L56,"-") -> #REF! | N56: =IF(AND(#REF!,ISNUMBER(L56),L56>0),((3*J56+K56)*#REF!-I56)/L56,"-") -> #REF!
A57: Audi RS 4 '13 | B57: Audi | C57: 2013 | D57: RS 4 Avant | E57: Super Saloons | F57: =IF(ISBLANK($G57),,VLOOKUP($G57, Rarities!$A$1:$B869, 2, FALSE())) -> 2 | G57: Rare | H57: =VLOOKUP(B57,Manufacturers!A$1:B869,2) -> DE | I57: 83000 | K57: 1 | L57: 9 | M57: =IF(AND(ISNUMBER(L57),L57>0),(3*J57+K57)*#REF!/L57,"-") -> #REF! | N57: =IF(AND(#REF!,ISNUMBER(L57),L57>0),((3*J57+K57)*#REF!-I57)/L57,"-") -> #REF!
A58: Audi RS 6 '15 | B58: Audi | C58: 2015 | D58: RS 6 Avant | E58: Super Saloons | F58: =IF(ISBLANK($G58),,VLOOKUP($G58, Rarities!$A$1:$B869, 2, FALSE())) -> 2 | G58: Rare | H58: =VLOOKUP(B58,Manufacturers!A$1:B869,2) -> DE | I58: 150000 | K58: 1 | L58: 9 | M58: =IF(AND(ISNUMBER(L58),L58>0),(3*J58+K58)*#REF!/L58,"-") -> #REF! | N58: =IF(AND(#REF!,ISNUMBER(L58),L58>0),((3*J58+K58)*#REF!-I58)/L58,"-") -> #REF!
A59: Audi S1 | B59: Audi | C59: 2015 | D59: S1 | E59: Hot Hatch | F59: =IF(ISBLANK($G59),,VLOOKUP($G59, Rarities!$A$1:$B869, 2, FALSE())) -> 1 | G59: Common | H59: =VLOOKUP(B59,Manufacturers!A$1:B869,2) -> DE | I59: 35000 | K59: 1 | L59: 9 | M59: =IF(AND(ISNUMBER(L59),L59>0),(3*J59+K59)*#REF!/L59,"-") -> #REF! | N59: =IF(AND(#REF!,ISNUMBER(L59),L59>0),((3*J59+K59)*#REF!-I59)/L59,"-") -> #REF!
A60: Audi TTS | B60: Audi | C60: 2015 | D60: TTS Coupé | E60: Modern Sports Cars | F60: =IF(ISBLANK($G60),,VLOOKUP($G60, Rarities!$A$1:$B869, 2, FALSE())) -> 1 | G60: Common | H60: =VLOOKUP(B60,Manufacturers!A$1:B869,2) -> DE | I60: 52000 | K60: 1 | L60: 9 | M60: =IF(AND(ISNUMBER(L60),L60>0),(3*J60+K60)*#REF!/L60,"-") -> #REF! | N60: =IF(AND(#REF!,ISNUMBER(L60),L60>0),((3*J60+K60)*#REF!-I60)/L60,"-") -> #REF!
A61: Audi R8 V10 plus | B61: Audi | C61: 2016 | D61: R8 V10 plus | E61: Modern Supercars | F61: =IF(ISBLANK($G61),,VLOOKUP($G61, Rarities!$A$1:$B869, 2, FALSE())) -> 3 | G61: Epic | H61: =VLOOKUP(B61,Manufacturers!A$1:B869,2) -> DE | I61: 242000 | J61: 1 | L61: 10 | M61: =IF(AND(ISNUMBER(L61),L61>0),(3*J61+K61)*#REF!/L61,"-") -> #REF! | N61: =IF(AND(#REF!,ISNUMBER(L61),L61>0),((3*J61+K61)*#REF!-I61)/L61,"-") -> #REF!
A62: RS 4 Avant '18 | B62: Audi | C62: 2018 | D62: RS 4 Avant | E62: Super Saloons | F62: =IF(ISBLANK($G62),,VLOOKUP($G62, Rarities!$A$1:$B869, 2, FALSE())) -> 2 | G62: Rare | H62: =VLOOKUP(B62,Manufacturers!A$1:B869,2) -> DE | I62: 250000
A63: Audi RS 5 '18 | B63: Audi | C63: 2018 | D63: RS 5 Coupe | E63: Super Saloons | F63: =IF(ISBLANK($G63),,VLOOKUP($G63, Rarities!$A$1:$B869, 2, FALSE())) -> 2 | G63: Rare | H63: =VLOOKUP(B63,Manufacturers!A$1:B869,2) -> DE | I63: 95000
A64: Audi TT RS '18 | B64: Audi | C64: 2018 | D64: TT RS | E64: Modern Sports Cars | F64: =IF(ISBLANK($G64),,VLOOKUP($G64, Rarities!$A$1:$B869, 2, FALSE())) -> 2 | G64: Rare | H64: =VLOOKUP(B64,Manufacturers!A$1:B869,2) -> DE | I64: 75000 | K64: 1 | L64: 9 | M64: =IF(AND(ISNUMBER(L64),L64>0),(3*J64+K64)*#REF!/L64,"-") -> #REF! | N64: =IF(AND(#REF!,ISNUMBER(L64),L64>0),((3*J64+K64)*#REF!-I64)/L64,"-") -> #REF!
A65: Audi RS 3 '20 | B65: Audi | C65: 2020 | D65: RS 3 Sedan | E65: Super Saloons | F65: =IF(ISBLANK($G65),,VLOOKUP($G65, Rarities!$A$1:$B869, 2, FALSE())) -> 2 | G65: Rare | H65: =VLOOKUP(B65,Manufacturers!A$1:B869,2) -> DE | I65: 60000
A66: Audi TT RS '20 | B66: Audi | C66: 2020 | D66: TT RS Coupe | E66: Modern Sports Cars | F66: =IF(ISBLANK($G66),,VLOOKUP($G66, Rarities!$A$1:$B869, 2, FALSE())) -> 2 | G66: Rare | H66: =VLOOKUP(B66,Manufacturers!A$1:B869,2) -> DE | I66: 250000
A67: Audi RS e-tron | B67: Audi | C67: 2021 | D67: RS e-tron GT | E67: Super Saloons | F67: =IF(ISBLANK($G67),,VLOOKUP($G67, Rarities!$A$1:$B869, 2, FALSE())) -> 3 | G67: Epic | H67: =VLOOKUP(B67,Manufacturers!A$1:B869,2) -> DE | I67: 250000
A68: Audi RS 6 '21 | B68: Audi | C68: 2021 | D68: RS 6 Avant | E68: Super Saloons | F68: =IF(ISBLANK($G68),,VLOOKUP($G68, Rarities!$A$1:$B869, 2, FALSE())) -> 2 | G68: Rare | H68: =VLOOKUP(B68,Manufacturers!A$1:B869,2) -> DE | I68: 250000
A69: Audi RS 7 '21 | B69: Audi | C69: 2021 | D69: RS 7 Sportback | E69: Super Saloons | F69: =IF(ISBLANK($G69),,VLOOKUP($G69, Rarities!$A$1:$B869, 2, FALSE())) -> 2 | G69: Rare | H69: =VLOOKUP(B69,Manufacturers!A$1:B869,2) -> DE | I69: 250000
A70: Sprite MkI | B70: Austin-Healey | C70: 1958 | D70: Sprite MkI | E70: Classic Sports Cars | F70: =IF(ISBLANK($G70),,VLOOKUP($G70, Rarities!$A$1:$B869, 2, FALSE())) -> 1 | G70: Common | H70: =VLOOKUP(B70,Manufacturers!A$1:B869,2) -> GB | I70: 20000 | K70: 1 | L70: 9 | M70: =IF(AND(ISNUMBER(L70),L70>0),(3*J70+K70)*#REF!/L70,"-") -> #REF! | N70: =IF(AND(#REF!,ISNUMBER(L70),L70>0),((3*J70+K70)*#REF!-I70)/L70,"-") -> #REF!
A71: AutoUnion Type D | B71: Auto Union | C71: 1939 | D71: Type D | E71: Vintage Racers | F71: =IF(ISBLANK($G71),,VLOOKUP($G71, Rarities!$A$1:$B869, 2, FALSE())) -> 4 | G71: Legendary | H71: =VLOOKUP(B71,Manufacturers!A$1:B869,2) -> DE | I71: 15000000 | J71: 2 | L71: 25 | M71: =IF(AND(ISNUMBER(L71),L71>0),(3*J71+K71)*#REF!/L71,"-") -> #REF! | N71: =IF(AND(#REF!,ISNUMBER(L71),L71>0),((3*J71+K71)*#REF!-I71)/L71,"-") -> #REF!
A72: Battista '20 | B72: Automobili Pininfarina | C72: 2020 | D72: Battista | E72: Hypercars | F72: =IF(ISBLANK($G72),,VLOOKUP($G72, Rarities!$A$1:$B869, 2, FALSE())) -> 4 | G72: Legendary | H72: =VLOOKUP(B72,Manufacturers!A$1:B869,2) -> IT | I72: 2500000
A73: BAC Mono | B73: BAC | C73: 2014 | D73: Mono | E73: Track Toys | F73: =IF(ISBLANK($G73),,VLOOKUP($G73, Rarities!$A$1:$B869, 2, FALSE())) -> 3 | G73: Epic | H73: =VLOOKUP(B73,Manufacturers!A$1:B869,2) -> GB | I73: 160000 | K73: 1 | L73: 9 | M73: =IF(AND(ISNUMBER(L73),L73>0),(3*J73+K73)*#REF!/L73,"-") -> #REF! | N73: =IF(AND(#REF!,ISNUMBER(L73),L73>0),((3*J73+K73)*#REF!-I73)/L73,"-") -> #REF!
A74: Bentley 8 Litre | B74: Bentley | C74: 1930 | D74: 8 Litre | E74: Rare Classics | F74: =IF(ISBLANK($G74),,VLOOKUP($G74, Rarities!$A$1:$B869, 2, FALSE())) -> 4 | G74: Legendary | H74: =VLOOKUP(B74,Manufacturers!A$1:B869,2) -> GB | I74: 1500000 | K74: 1 | L74: 9 | M74: =IF(AND(ISNUMBER(L74),L74>0),(3*J74+K74)*#REF!/L74,"-") -> #REF! | N74: =IF(AND(#REF!,ISNUMBER(L74),L74>0),((3*J74+K74)*#REF!-I74)/L74,"-") -> #REF!
A75: Bentley Blower | B75: Bentley | C75: 1930 | D75: Blower 4-1/2 Litre Supercharged | E75: Vintage Racers | F75: =IF(ISBLANK($G75),,VLOOKUP($G75, Rarities!$A$1:$B869, 2, FALSE())) -> 4 | G75: Legendary | H75: =VLOOKUP(B75,Manufacturers!A$1:B869,2) -> GB | I75: 4000000 | J75: 2 | L75: 22 | M75: =IF(AND(ISNUMBER(L75),L75>0),(3*J75+K75)*#REF!/L75,"-") -> #REF! | N75: =IF(AND(#REF!,ISNUMBER(L75),L75>0),((3*J75+K75)*#REF!-I75)/L75,"-") -> #REF!
A76: Bentley Turbo R | B76: Bentley | C76: 1991 | D76: Turbo R | E76: Retro Saloons | F76: =IF(ISBLANK($G76),,VLOOKUP($G76, Rarities!$A$1:$B869, 2, FALSE())) -> 2 | G76: Rare | H76: =VLOOKUP(B76,Manufacturers!A$1:B869,2) -> GB | I76: 250000
A77: Bentley Bentayga | B77: Bentley | C77: 2016 | D77: Bentayga | E77: Sports Utility Heroes | F77: =IF(ISBLANK($G77),,VLOOKUP($G77, Rarities!$A$1:$B869, 2, FALSE())) -> 3 | G77: Epic | H77: =VLOOKUP(B77,Manufacturers!A$1:B869,2) -> GB | I77: 180000 | K77: 1 | L77: 11 | M77: =IF(AND(ISNUMBER(L77),L77>0),(3*J77+K77)*#REF!/L77,"-") -> #REF! | N77: =IF(AND(#REF!,ISNUMBER(L77),L77>0),((3*J77+K77)*#REF!-I77)/L77,"-") -> #REF!
A78: Bentley Cont '17 | B78: Bentley | C78: 2017 | D78: Continental Supersports | E78: GT Cars | F78: =IF(ISBLANK($G78),,VLOOKUP($G78, Rarities!$A$1:$B869, 2, FALSE())) -> 3 | G78: Epic | H78: =VLOOKUP(B78,Manufacturers!A$1:B869,2) -> GB | I78: 200000 | K78: 1 | L78: 14 | M78: =IF(AND(ISNUMBER(L78),L78>0),(3*J78+K78)*#REF!/L78,"-") -> #REF! | N78: =IF(AND(#REF!,ISNUMBER(L78),L78>0),((3*J78+K78)*#REF!-I78)/L78,"-") -> #REF!
A79: Bentley Cont GTC | B79: Bentley | C79: 2021 | D79: Continental GT Convertible | E79: GT Cars | F79: =IF(ISBLANK($G79),,VLOOKUP($G79, Rarities!$A$1:$B869, 2, FALSE())) -> 2 | G79: Rare | H79: =VLOOKUP(B79,Manufacturers!A$1:B869,2) -> GB | I79: 300000
A80: BMW Isetta | B80: BMW | C80: 1957 | D80: Isetta 300 Export | E80: Cult Classics | F80: =IF(ISBLANK($G80),,VLOOKUP($G80, Rarities!$A$1:$B869, 2, FALSE())) -> 1 | G80: Common | H80: =VLOOKUP(B80,Manufacturers!A$1:B869,2) -> DE | I80: 45000 | K80: 1 | L80: 9 | M80: =IF(AND(ISNUMBER(L80),L80>0),(3*J80+K80)*#REF!/L80,"-") -> #REF! | N80: =IF(AND(#REF!,ISNUMBER(L80),L80>0),((3*J80+K80)*#REF!-I80)/L80,"-") -> #REF!
A81: BMW 2002 Turbo | B81: BMW | C81: 1973 | D81: 2002 Turbo | E81: Classic Sports Cars | F81: =IF(ISBLANK($G81),,VLOOKUP($G81, Rarities!$A$1:$B869, 2, FALSE())) -> 4 | G81: Legendary | H81: =VLOOKUP(B81,Manufacturers!A$1:B869,2) -> DE | I81: 26000 | K81: 1 | L81: 9 | M81: =IF(AND(ISNUMBER(L81),L81>0),(3*J81+K81)*#REF!/L81,"-") -> #REF! | N81: =IF(AND(#REF!,ISNUMBER(L81),L81>0),((3*J81+K81)*#REF!-I81)/L81,"-") -> #REF!
A82: BMW M1 | B82: BMW | C82: 1981 | D82: M1 | E82: Retro Supercars | F82: =IF(ISBLANK($G82),,VLOOKUP($G82, Rarities!$A$1:$B869, 2, FALSE())) -> 3 | G82: Epic | H82: =VLOOKUP(B82,Manufacturers!A$1:B869,2) -> DE | I82: 585000 | K82: 2 | L82: 11 | M82: =IF(AND(ISNUMBER(L82),L82>0),(3*J82+K82)*#REF!/L82,"-") -> #REF! | N82: =IF(AND(#REF!,ISNUMBER(L82),L82>0),((3*J82+K82)*#REF!-I82)/L82,"-") -> #REF!
A83: BMW M5 '88 | B83: BMW | C83: 1988 | D83: M5 | E83: Retro Saloons | F83: =IF(ISBLANK($G83),,VLOOKUP($G83, Rarities!$A$1:$B869, 2, FALSE())) -> 2 | G83: Rare | H83: =VLOOKUP(B83,Manufacturers!A$1:B869,2) -> DE | I83: 54000 | K83: 1 | L83: 9 | M83: =IF(AND(ISNUMBER(L83),L83>0),(3*J83+K83)*#REF!/L83,"-") -> #REF! | N83: =IF(AND(#REF!,ISNUMBER(L83),L83>0),((3*J83+K83)*#REF!-I83)/L83,"-") -> #REF!
A84: BMW M3 '91 | B84: BMW | C84: 1991 | D84: M3 | E84: Retro Saloons | F84: =IF(ISBLANK($G84),,VLOOKUP($G84, Rarities!$A$1:$B869, 2, FALSE())) -> 2 | G84: Rare | H84: =VLOOKUP(B84,Manufacturers!A$1:B869,2) -> DE | I84: 70000 | K84: 1 | L84: 14 | M84: =IF(AND(ISNUMBER(L84),L84>0),(3*J84+K84)*#REF!/L84,"-") -> #REF! | N84: =IF(AND(#REF!,ISNUMBER(L84),L84>0),((3*J84+K84)*#REF!-I84)/L84,"-") -> #REF!
A85: BMW 850CSi | B85: BMW | C85: 1995 | D85: 850CSi | E85: Retro Sports Cars | F85: =IF(ISBLANK($G85),,VLOOKUP($G85, Rarities!$A$1:$B869, 2, FALSE())) -> 2 | G85: Rare | H85: =VLOOKUP(B85,Manufacturers!A$1:B869,2) -> DE | I85: 250000
A86: BMW M5 '95 | B86: BMW | C86: 1995 | D86: M5 | E86: Retro Saloons | F86: =IF(ISBLANK($G86),,VLOOKUP($G86, Rarities!$A$1:$B869, 2, FALSE())) -> 2 | G86: Rare | H86: =VLOOKUP(B86,Manufacturers!A$1:B869,2) -> DE | I86: 25000 | K86: 1 | L86: 9 | M86: =IF(AND(ISNUMBER(L86),L86>0),(3*J86+K86)*#REF!/L86,"-") -> #REF! | N86: =IF(AND(#REF!,ISNUMBER(L86),L86>0),((3*J86+K86)*#REF!-I86)/L86,"-") -> #REF!
A87: BMW M3 '97 | B87: BMW | C87: 1997 | D87: M3 | E87: Retro Saloons | F87: =IF(ISBLANK($G87),,VLOOKUP($G87, Rarities!$A$1:$B869, 2, FALSE())) -> 1 | G87: Common | H87: =VLOOKUP(B87,Manufacturers!A$1:B869,2) -> DE | I87: 35000 | K87: 2 | L87: 21 | M87: =IF(AND(ISNUMBER(L87),L87>0),(3*J87+K87)*#REF!/L87,"-") -> #REF! | N87: =IF(AND(#REF!,ISNUMBER(L87),L87>0),((3*J87+K87)*#REF!-I87)/L87,"-") -> #REF!
A88: BMW M3-GTR | B88: BMW | C88: 2002 | D88: M3-GTR | E88: Track Toys | F88: =IF(ISBLANK($G88),,VLOOKUP($G88, Rarities!$A$1:$B869, 2, FALSE())) -> 3 | G88: Epic | H88: =VLOOKUP(B88,Manufacturers!A$1:B869,2) -> DE | I88: 180000 | K88: 2 | L88: 11 | M88: =IF(AND(ISNUMBER(L88),L88>0),(3*J88+K88)*#REF!/L88,"-") -> #REF! | N88: =IF(AND(#REF!,ISNUMBER(L88),L88>0),((3*J88+K88)*#REF!-I88)/L88,"-") -> #REF!
A89: BMW Z3 | B89: BMW | C89: 2002 | D89: Z3 M Coupe | E89: Retro Sports Cars | F89: =IF(ISBLANK($G89),,VLOOKUP($G89, Rarities!$A$1:$B869, 2, FALSE())) -> 1 | G89: Common | H89: =VLOOKUP(B89,Manufacturers!A$1:B869,2) -> DE | I89: 30000 | K89: 2 | L89: 11 | M89: =IF(AND(ISNUMBER(L89),L89>0),(3*J89+K89)*#REF!/L89,"-") -> #REF! | N89: =IF(AND(#REF!,ISNUMBER(L89),L89>0),((3*J89+K89)*#REF!-I89)/L89,"-") -> #REF!
A90: BMW M5 '03 | B90: BMW | C90: 2003 | D90: M5 | E90: Retro Saloons | F90: =IF(ISBLANK($G90),,VLOOKUP($G90, Rarities!$A$1:$B869, 2, FALSE())) -> 1 | G90: Common | H90: =VLOOKUP(B90,Manufacturers!A$1:B869,2) -> DE | I90: 30000 | K90: 1 | L90: 9 | M90: =IF(AND(ISNUMBER(L90),L90>0),(3*J90+K90)*#REF!/L90,"-") -> #REF! | N90: =IF(AND(#REF!,ISNUMBER(L90),L90>0),((3*J90+K90)*#REF!-I90)/L90,"-") -> #REF!
A91: BMW M3 '05 | B91: BMW | C91: 2005 | D91: M3 | E91: Retro Saloons | F91: =IF(ISBLANK($G91),,VLOOKUP($G91, Rarities!$A$1:$B869, 2, FALSE())) -> 1 | G91: Common | H91: =VLOOKUP(B91,Manufacturers!A$1:B869,2) -> DE | I91: 33000 | K91: 1 | L91: 9 | M91: =IF(AND(ISNUMBER(L91),L91>0),(3*J91+K91)*#REF!/L91,"-") -> #REF! | N91: =IF(AND(#REF!,ISNUMBER(L91),L91>0),((3*J91+K91)*#REF!-I91)/L91,"-") -> #REF!
A92: BMW Z4 '08 | B92: BMW | C92: 2008 | D92: Z4 M Coupe | E92: Modern Sports Cars | F92: =IF(ISBLANK($G92),,VLOOKUP($G92, Rarities!$A$1:$B869, 2, FALSE())) -> 2 | G92: Rare | H92: =VLOOKUP(B92,Manufacturers!A$1:B869,2) -> DE | I92: 82000 | K92: 1 | L92: 14 | M92: =IF(AND(ISNUMBER(L92),L92>0),(3*J92+K92)*#REF!/L92,"-") -> #REF! | N92: =IF(AND(#REF!,ISNUMBER(L92),L92>0),((3*J92+K92)*#REF!-I92)/L92,"-") -> #REF!
A93: BMW M3 '08 | B93: BMW | C93: 2008 | D93: M3 | E93: Super Saloons | F93: =IF(ISBLANK($G93),,VLOOKUP($G93, Rarities!$A$1:$B869, 2, FALSE())) -> 1 | G93: Common | H93: =VLOOKUP(B93,Manufacturers!A$1:B869,2) -> DE | I93: 48000 | K93: 1 | L93: 14 | M93: =IF(AND(ISNUMBER(L93),L93>0),(3*J93+K93)*#REF!/L93,"-") -> #REF! | N93: =IF(AND(#REF!,ISNUMBER(L93),L93>0),((3*J93+K93)*#REF!-I93)/L93,"-") -> #REF!
A94: BMW M5 '09 | B94: BMW | C94: 2009 | D94: M5 | E94: Super Saloons | F94: =IF(ISBLANK($G94),,VLOOKUP($G94, Rarities!$A$1:$B869, 2, FALSE())) -> 2 | G94: Rare | H94: =VLOOKUP(B94,Manufacturers!A$1:B869,2) -> DE | I94: 90000 | K94: 1 | L94: 9 | M94: =IF(AND(ISNUMBER(L94),L94>0),(3*J94+K94)*#REF!/L94,"-") -> #REF! | N94: =IF(AND(#REF!,ISNUMBER(L94),L94>0),((3*J94+K94)*#REF!-I94)/L94,"-") -> #REF!
A95: BMW E92 M3 GTS | B95: BMW | C95: 2010 | D95: M3 GTS | E95: Track Toys | F95: =IF(ISBLANK($G95),,VLOOKUP($G95, Rarities!$A$1:$B869, 2, FALSE())) -> 3 | G95: Epic | H95: =VLOOKUP(B95,Manufacturers!A$1:B869,2) -> DE | I95: 250000
A96: BMW X5M FE | B96: BMW | C96: 2011 | D96: X5 M Forza Edition | E96: Extreme Track Toys | F96: =IF(ISBLANK($G96),,VLOOKUP($G96, Rarities!$A$1:$B869, 2, FALSE())) -> 5 | G96: Forza Edition | H96: =VLOOKUP(B96,Manufacturers!A$1:B869,2) -> DE | I96: 500000 | K96: 2 | L96: 11 | M96: =IF(AND(ISNUMBER(L96),L96>0),(3*J96+K96)*#REF!/L96,"-") -> #REF! | N96: =IF(AND(#REF!,ISNUMBER(L96),L96>0),((3*J96+K96)*#REF!-I96)/L96,"-") -> #REF!
A97: BMW 1M | B97: BMW | C97: 2011 | D97: 1 Series M Coupe | E97: Super Saloons | F97: =IF(ISBLANK($G97),,VLOOKUP($G97, Rarities!$A$1:$B869, 2, FALSE())) -> 2 | G97: Rare | H97: =VLOOKUP(B97,Manufacturers!A$1:B869,2) -> DE | I97: 55000 | K97: 1 | L97: 14 | M97: =IF(AND(ISNUMBER(L97),L97>0),(3*J97+K97)*#REF!/L97,"-") -> #REF! | N97: =IF(AND(#REF!,ISNUMBER(L97),L97>0),((3*J97+K97)*#REF!-I97)/L97,"-") -> #REF!
A98: BMW X5 M | B98: BMW | C98: 2011 | D98: X5 M | E98: Sports Utility Heroes | F98: =IF(ISBLANK($G98),,VLOOKUP($G98, Rarities!$A$1:$B869, 2, FALSE())) -> 1 | G98: Common | H98: =VLOOKUP(B98,Manufacturers!A$1:B869,2) -> DE | I98: 100000 | K98: 1 | L98: 11 | M98: =IF(AND(ISNUMBER(L98),L98>0),(3*J98+K98)*#REF!/L98,"-") -> #REF! | N98: =IF(AND(#REF!,ISNUMBER(L98),L98>0),((3*J98+K98)*#REF!-I98)/L98,"-") -> #REF!
A99: - | B99: BMW | C99: 2011 | D99: X5 Traffic | E99: - | F99: =IF(ISBLANK($G99),,VLOOKUP($G99, Rarities!$A$1:$B869, 2, FALSE())) -> 0 | G99: - | H99: =VLOOKUP(B99,Manufacturers!A$1:B869,2) -> DE | I99: - | L99: - | M99: =IF(AND(ISNUMBER(L99),L99>0),(3*J99+K99)*#REF!/L99,"-") -> - | N99: =IF(AND(#REF!,ISNUMBER(L99),L99>0),((3*J99+K99)*#REF!-I99)/L99,"-") -> #REF!
A100: BMW M5 '12 | B100: BMW | C100: 2012 | D100: M5 | E100: Super Saloons | F100: =IF(ISBLANK($G100),,VLOOKUP($G100, Rarities!$A$1:$B869, 2, FALSE())) -> 2 | G100: Rare | H100: =VLOOKUP(B100,Manufacturers!A$1:B869,2) -> DE | I100: 112000 | K100: 1 | L100: 9 | M100: =IF(AND(ISNUMBER(L100),L100>0),(3*J100+K100)*#REF!/L100,"-") -> #REF! | N100: =IF(AND(#REF!,ISNUMBER(L100),L100>0),((3*J100+K100)*#REF!-I100)/L100,"-") -> #REF!
...

Sheet Updates
A1: Name | B1: Date
A2: Base Game | B2: 44505
A3: Series 2 | B3: 44533
A4: Series 4 | B4: 44593
A5: Series 5 | B5: 44621
A6: Series 6 | B6: 44650
A7: Series 7 | B7: 44677
A8: Series 9 | B8: 44733
A9: Series 10 | B9: 44761
A10: Series 11 | B10: 44789
A11: Series 12 | B11: 44817
A12: Series 13 | B12: 44845
A13: Series 14 | B13: 44873
... A30: Series 33 | B30: 45405

Sheet DLCs
A1: Name | B1: Release Date | C1: Have
A2: Make-Up | B2: 44593 | C2: =FALSE() -> FALSE
A3: Controller | B3: 44505 | C3: =FALSE() -> FALSE
A4: Formula Drift Pack | B4: 44505 | C4: =TRUE() -> TRUE
A5: VIP | B5: 44505 | C5: =TRUE() -> TRUE
A6: Welcome Pack | B6: 44505 | C6: =TRUE() -> TRUE
A7: Hot Wheels | B7: 44761 | C7: =TRUE() -> TRUE
A8: Oreo | B8: 44957 | C8: =TRUE() -> TRUE
A9: Rally | B9: 45014 | C9: =TRUE() -> TRUE
A10: Horizon Racing Pack | B10: 45097 | C10: =TRUE() -> TRUE
A11: Italian Exotics Pack | B11: 45153 | C11: =TRUE() -> TRUE
A12: Forza Motorsport 8 | B12: 45204 | C12: =TRUE() -> TRUE
A13: Super Speed Pack | B13: 45209 | C13: =TRUE() -> TRUE
A14: American Automotive Pack | B14: 45237 | C14: =TRUE() -> TRUE
A15: Fast X Pack | B15: 45265 | C15: =TRUE() -> TRUE
... A18: European Automotive Pack | B18: 45349 | C18: =TRUE() -> TRUE
A19: Acceleration Pack | B19: 45377 | C19: =FALSE() -> FALSE
A20: Apex Allstars Pack | B20: 45405 | C20: =FALSE() -> FALSE
C21: =FALSE() -> FALSE
C22: =FALSE() -> FALSE
C23: =FALSE() -> FALSE
C24: =FALSE() -> FALSE
C25: =FALSE() -> FALSE
C26: =FALSE() -> FALSE
C27: =FALSE() -> FALSE
C28: =FALSE() -> FALSE
C29: =FALSE() -> FALSE
C30: =FALSE() -> FALSE
C31: =FALSE() -> FALSE
C32: =FALSE() -> FALSE
... C1001: =FALSE() -> FALSE

Sheet Reward Seasons
A1: Series | B1: Season | C1: Name | D1: Date | E1: PTS
A2: =FLOOR((ROW()+1)/(COUNTA(Seasons!$A$1:$A1003)+1),1) -> 0 | B2: 0 | C2: ="Series "&A2&IF(B2=0,"","/"&INDIRECT(ADDRESS(B2,1,1,TRUE(),"Seasons"))) -> Series 0 | D2: =IF(B2=0,VLOOKUP(A2,Series!$A$2:B1003,2,FALSE()),D1+IF(B1=0,0,7)) -> 44505 | E2: 4
A3: =FLOOR((ROW()+1)/(COUNTA(Seasons!$A$1:$A1003)+1),1) -> 0 | B3: =MOD(ROW()+1,COUNTA(Seasons!$A$1:$A1003)+1) -> 4 | C3: ="Series "&A3&IF(B3=0,"","/"&INDIRECT(ADDRESS(B3,1,1,TRUE(),"Seasons"))) -> Series 0/Spring | D3: =IF(B3=0,VLOOKUP(A3,Series!$A$2:B1003,2,FALSE()),D2+IF(B2=0,0,7)) -> 44505 | E3: 38
A4: =FLOOR((ROW()+1)/(COUNTA(Seasons!$A$1:$A1003)+1),1) -> 1 | B4: =MOD(ROW()+1,COUNTA(Seasons!$A$1:$A1003)+1) -> 0 | C4: ="Series "&A4&IF(B4=0,"","/"&INDIRECT(ADDRESS(B4,1,1,TRUE(),"Seasons"))) -> Series 1 | D4: =IF(B4=0,VLOOKUP(A4,Series!$A$2:B1003,2,FALSE()),D3+IF(B3=0,0,7)) -> 44511 | E4: 16
A5: =FLOOR((ROW()+1)/(COUNTA(Seasons!$A$1:$A1003)+1),1) -> 1 | B5: =MOD(ROW()+1,COUNTA(Seasons!$A$1:$A1003)+1) -> 1 | C5: ="Series "&A5&IF(B5=0,"","/"&INDIRECT(ADDRESS(B5,1,1,TRUE(),"Seasons"))) -> Series 1/Summer | D5: =IF(B5=0,VLOOKUP(A5,Series!$A$2:B1003,2,FALSE()),D4+IF(B4=0,0,7)) -> 44511 | E5: 64
A6: =FLOOR((ROW()+1)/(COUNTA(Seasons!$A$1:$A1003)+1),1) -> 1 | B6: =MOD(ROW()+1,COUNTA(Seasons!$A$1:$A1003)+1) -> 2 | C6: ="Series "&A6&IF(B6=0,"","/"&INDIRECT(ADDRESS(B6,1,1,TRUE(),"Seasons"))) -> Series 1/Autumn | D6: =IF(B6=0,VLOOKUP(A6,Series!$A$2:B1003,2,FALSE()),D5+IF(B5=0,0,7)) -> 44518 | E6: 61
A7: =FLOOR((ROW()+1)/(COUNTA(Seasons!$A$1:$A1003)+1),1) -> 1 | B7: =MOD(ROW()+1,COUNTA(Seasons!$A$1:$A1003)+1) -> 3 | C7: ="Series "&A7&IF(B7=0,"","/"&INDIRECT(ADDRESS(B7,1,1,TRUE(),"Seasons"))) -> Series 1/Winter | D7: =IF(B7=0,VLOOKUP(A7,Series!$A$2:B1003,2,FALSE()),D6+IF(B6=0,0,7)) -> 44525 | E7: 61
A8: =FLOOR((ROW()+1)/(COUNTA(Seasons!$A$1:$A1003)+1),1) -> 1 | B8: =MOD(ROW()+1,COUNTA(Seasons!$A$1:$A1003)+1) -> 4 | C8: ="Series "&A8&IF(B8=0,"","/"&INDIRECT(ADDRESS(B8,1,1,TRUE(),"Seasons"))) -> Series 1/Spring | D8: =IF(B8=0,VLOOKUP(A8,Series!$A$2:B1003,2,FALSE()),D7+IF(B7=0,0,7)) -> 44532 | E8: 61
A9: =FLOOR((ROW()+1)/(COUNTA(Seasons!$A$1:$A1003)+1),1) -> 2 | B9: =MOD(ROW()+1,COUNTA(Seasons!$A$1:$A1003)+1) -> 0 | C9: ="Series "&A9&IF(B9=0,"","/"&INDIRECT(ADDRESS(B9,1,1,TRUE(),"Seasons"))) -> Series 2 | D9: =IF(B9=0,VLOOKUP(A9,Series!$A$2:B1003,2,FALSE()),D8+IF(B8=0,0,7)) -> 44539 | E9: 16
A10: =FLOOR((ROW()+1)/(COUNTA(Seasons!$A$1:$A1003)+1),1) -> 2 | B10: =MOD(ROW()+1,COUNTA(Seasons!$A$1:$A1003)+1) -> 1 | C10: ="Series "&A10&IF(B10=0,"","/"&INDIRECT(ADDRESS(B10,1,1,TRUE(),"Seasons"))) -> Series 2/Summer | D10: =IF(B10=0,VLOOKUP(A10,Series!$A$2:B1003,2,FALSE()),D9+IF(B9=0,0,7)) -> 44539 | E10: 64
A11: =FLOOR((ROW()+1)/(COUNTA(Seasons!$A$1:$A1003)+1),1) -> 2 | B11: =MOD(ROW()+1,COUNTA(Seasons!$A$1:$A1003)+1) -> 2 | C11: ="Series "&A11&IF(B11=0,"","/"&INDIRECT(ADDRESS(B11,1,1,TRUE(),"Seasons"))) -> Series 2/Autumn | D11: =IF(B11=0,VLOOKUP(A11,Series!$A$2:B1003,2,FALSE()),D10+IF(B10=0,0,7)) -> 44546 | E11: 61
A12: =FLOOR((ROW()+1)/(COUNTA(Seasons!$A$1:$A1003)+1),1) -> 2 | B12: =MOD(ROW()+1,COUNTA(Seasons!$A$1:$A1003)+1) -> 3 | C12: ="Series "&A12&IF(B12=0,"","/"&INDIRECT(ADDRESS(B12,1,1,TRUE(),"Seasons"))) -> Series 2/Winter | D12: =IF(B12=0,VLOOKUP(A12,Series!$A$2:B1003,2,FALSE()),D11+IF(B11=0,0,7)) -> 44553 | E12: 61
A13: =FLOOR((ROW()+1)/(COUNTA(Seasons!$A$1:$A1003)+1),1) -> 2 | B13: =MOD(ROW()+1,COUNTA(Seasons!$A$1:$A1003)+1) -> 4 | C13: ="Series "&A13&IF(B13=0,"","/"&INDIRECT(ADDRESS(B13,1,1,TRUE(),"Seasons"))) -> Series 2/Spring | D13: =IF(B13=0,VLOOKUP(A13,Series!$A$2:B1003,2,FALSE()),D12+IF(B12=0,0,7)) -> 44560 | E13: 64
A14: =FLOOR((ROW()+1)/(COUNTA(Seasons!$A$1:$A1003)+1),1) -> 3 | B14: =MOD(ROW()+1,COUNTA(Seasons!$A$1:$A1003)+1) -> 0 | C14: ="Series "&A14&IF(B14=0,"","/"&INDIRECT(ADDRESS(B14,1,1,TRUE(),"Seasons"))) -> Series 3 | D14: =IF(B14=0,VLOOKUP(A14,Series!$A$2:B1003,2,FALSE()),D13+IF(B13=0,0,7)) -> 44567 | E14: 16
A15: =FLOOR((ROW()+1)/(COUNTA(Seasons!$A$1:$A1003)+1),1) -> 3 | B15: =MOD(ROW()+1,COUNTA(Seasons!$A$1:$A1003)+1) -> 1 | C15: ="Series "&A15&IF(B15=0,"","/"&INDIRECT(ADDRESS(B15,1,1,TRUE(),"Seasons"))) -> Series 3/Summer | D15: =IF(B15=0,VLOOKUP(A15,Series!$A$2:B1003,2,FALSE()),D14+IF(B14=0,0,7)) -> 44567 | E15: 64
A16: =FLOOR((ROW()+1)/(COUNTA(Seasons!$A$1:$A1003)+1),1) -> 3 | B16: =MOD(ROW()+1,COUNTA(Seasons!$A$1:$A1003)+1) -> 2 | C16: ="Series "&A16&IF(B16=0,"","/"&INDIRECT(ADDRESS(B16,1,1,TRUE(),"Seasons"))) -> Series 3/Autumn | D16: =IF(B16=0,VLOOKUP(A16,Series!$A$2:B1003,2,FALSE()),D15+IF(B15=0,0,7)) -> 44574 | E16: 61
A17: =FLOOR((ROW()+1)/(COUNTA(Seasons!$A$1:$A1003)+1),1) -> 3 | B17: =MOD(ROW()+1,COUNTA(Seasons!$A$1:$A1003)+1) -> 3 | C17: ="Series "&A17&IF(B17=0,"","/"&INDIRECT(ADDRESS(B17,1,1,TRUE(),"Seasons"))) -> Series 3/Winter | D17: =IF(B17=0,VLOOKUP(A17,Series!$A$2:B1003,2,FALSE()),D16+IF(B16=0,0,7)) -> 44581 | E17: 61
A18: =FLOOR((ROW()+1)/(COUNTA(Seasons!$A$1:$A1003)+1),1) -> 3 | B18: =MOD(ROW()+1,COUNTA(Seasons!$A$1:$A1003)+1) -> 4 | C18: ="Series "&A18&IF(B18=0,"","/"&INDIRECT(ADDRESS(B18,1,1,TRUE(),"Seasons"))) -> Series 3/Spring | D18: =IF(B18=0,VLOOKUP(A18,Series!$A$2:B1003,2,FALSE()),D17+IF(B17=0,0,7)) -> 44588 | E18: 64
A19: =FLOOR((ROW()+1)/(COUNTA(Seasons!$A$1:$A1003)+1),1) -> 4 | B19: =MOD(ROW()+1,COUNTA(Seasons!$A$1:$A1003)+1) -> 0 | C19: ="Series "&A19&IF(B19=0,"","/"&INDIRECT(ADDRESS(B19,1,1,TRUE(),"Seasons"))) -> Series 4 | D19: =IF(B19=0,VLOOKUP(A19,Series!$A$2:B1003,2,FALSE()),D18+IF(B18=0,0,7)) -> 44595 | E19: 16
A20: =FLOOR((ROW()+1)/(COUNTA(Seasons!$A$1:$A1003)+1),1) -> 4 | B20: =MOD(ROW()+1,COUNTA(Seasons!$A$1:$A1003)+1) -> 1 | C20: ="Series "&A20&IF(B20=0,"","/"&INDIRECT(ADDRESS(B20,1,1,TRUE(),"Seasons"))) -> Series 4/Summer | D20: =IF(B20=0,VLOOKUP(A20,Series!$A$2:B1003,2,FALSE()),D19+IF(B19=0,0,7)) -> 44595 | E20: 50
A21: =FLOOR((ROW()+1)/(COUNTA(Seasons!$A$1:$A1003)+1),1) -> 4 | B21: =MOD(ROW()+1,COUNTA(Seasons!$A$1:$A1003)+1) -> 2 | C21: ="Series "&A21&IF(B21=0,"","/"&INDIRECT(ADDRESS(B21,1,1,TRUE(),"Seasons"))) -> Series 4/Autumn | D21: =IF(B21=0,VLOOKUP(A21,Series!$A$2:B1003,2,FALSE()),D20+IF(B20=0,0,7)) -> 44602 | E21: 50
A22: =FLOOR((ROW()+1)/(COUNTA(Seasons!$A$1:$A1003)+1),1) -> 4 | B22: =MOD(ROW()+1,COUNTA(Seasons!$A$1:$A1003)+1) -> 3 | C22: ="Series "&A22&IF(B22=0,"","/"&INDIRECT(ADDRESS(B22,1,1,TRUE(),"Seasons"))) -> Series 4/Winter | D22: =IF(B22=0,VLOOKUP(A22,Series!$A$2:B1003,2,FALSE()),D21+IF(B21=0,0,7)) -> 44609 | E22: 50
A23: =FLOOR((ROW()+1)/(COUNTA(Seasons!$A$1:$A1003)+1),1) -> 4 | B23: =MOD(ROW()+1,COUNTA(Seasons!$A$1:$A1003)+1) -> 4 | C23: ="Series "&A23&IF(B23=0,"","/"&INDIRECT(ADDRESS(B23,1,1,TRUE(),"Seasons"))) -> Series 4/Spring | D23: =IF(B23=0,VLOOKUP(A23,Series!$A$2:B1003,2,FALSE()),D22+IF(B22=0,0,7)) -> 44616 | E23: 53
A24: =FLOOR((ROW()+1)/(COUNTA(Seasons!$A$1:$A1003)+1),1) -> 5 | B24: =MOD(ROW()+1,COUNTA(Seasons!$A$1:$A1003)+1) -> 0 | C24: ="Series "&A24&IF(B24=0,"","/"&INDIRECT(ADDRESS(B24,1,1,TRUE(),"Seasons"))) -> Series 5 | D24: =IF(B24=0,VLOOKUP(A24,Series!$A$2:B1003,2,FALSE()),D23+IF(B23=0,0,7)) -> 44623 | E24: 16
A25: =FLOOR((ROW()+1)/(COUNTA(Seasons!$A$1:$A1003)+1),1) -> 5 | B25: =MOD(ROW()+1,COUNTA(Seasons!$A$1:$A1003)+1) -> 1 | C25: ="Series "&A25&IF(B25=0,"","/"&INDIRECT(ADDRESS(B25,1,1,TRUE(),"Seasons"))) -> Series 5/Summer | D25: =IF(B25=0,VLOOKUP(A25,Series!$A$2:B1003,2,FALSE()),D24+IF(B24=0,0,7)) -> 44623 | E25: 49
A26: =FLOOR((ROW()+1)/(COUNTA(Seasons!$A$1:$A1003)+1),1) -> 5 | B26: =MOD(ROW()+1,COUNTA(Seasons!$A$1:$A1003)+1) -> 2 | C26: ="Series "&A26&IF(B26=0,"","/"&INDIRECT(ADDRESS(B26,1,1,TRUE(),"Seasons"))) -> Series 5/Autumn | D26: =IF(B26=0,VLOOKUP(A26,Series!$A$2:B1003,2,FALSE()),D25+IF(B25=0,0,7)) -> 44630 | E26: 48
A27: =FLOOR((ROW()+1)/(COUNTA(Seasons!$A$1:$A1003)+1),1) -> 5 | B27: =MOD(ROW()+1,COUNTA(Seasons!$A$1:$A1003)+1) -> 3 | C27: ="Series "&A27&IF(B27=0,"","/"&INDIRECT(ADDRESS(B27,1,1,TRUE(),"Seasons"))) -> Series 5/Winter | D27: =IF(B27=0,VLOOKUP(A27,Series!$A$2:B1003,2,FALSE()),D26+IF(B26=0,0,7)) -> 44637 | E27: 47
A28: =FLOOR((ROW()+1)/(COUNTA(Seasons!$A$1:$A1003)+1),1) -> 5 | B28: =MOD(ROW()+1,COUNTA(Seasons!$A$1:$A1003)+1) -> 4 | C28: ="Series "&A28&IF(B28=0,"","/"&INDIRECT(ADDRESS(B28,1,1,TRUE(),"Seasons"))) -> Series 5/Spring | D28: =IF(B28=0,VLOOKUP(A28,Series!$A$2:B1003,2,FALSE()),D27+IF(B27=0,0,7)) -> 44644 | E28: 48
A29: =FLOOR((ROW()+1)/(COUNTA(Seasons!$A$1:$A1003)+1),1) -> 6 | B29: =MOD(ROW()+1,COUNTA(Seasons!$A$1:$A1003)+1) -> 0 | C29: ="Series "&A29&IF(B29=0,"","/"&INDIRECT(ADDRESS(B29,1,1,TRUE(),"Seasons"))) -> Series 6 | D29: =IF(B29=0,VLOOKUP(A29,Series!$A$2:B1003,2,FALSE()),D28+IF(B28=0,0,7)) -> 44651 | E29: 28
A30: =FLOOR((ROW()+1)/(COUNTA(Seasons!$A$1:$A1003)+1),1) -> 6 | B30: =MOD(ROW()+1,COUNTA(Seasons!$A$1:$A1003)+1) -> 1 | C30: ="Series "&A30&IF(B30=0,"","/"&INDIRECT(ADDRESS(B30,1,1,TRUE(),"Seasons"))) -> Series 6/Summer | D30: =IF(B30=0,VLOOKUP(A30,Series!$A$2:B1003,2,FALSE()),D29+IF(B29=0,0,7)) -> 44651 | E30: 51
A31: =FLOOR((ROW()+1)/(COUNTA(Seasons!$A$1:$A1003)+1),1) -> 6 | B31: =MOD(ROW()+1,COUNTA(Seasons!$A$1:$A1003)+1) -> 2 | C31: ="Series "&A31&IF(B31=0,"","/"&INDIRECT(ADDRESS(B31,1,1,TRUE(),"Seasons"))) -> Series 6/Autumn | D31: =IF(B31=0,VLOOKUP(A31,Series!$A$2:B1003,2,FALSE()),D30+IF(B30=0,0,7)) -> 44658 | E31: 50
A32: =FLOOR((ROW()+1)/(COUNTA(Seasons!$A$1:$A1003)+1),1) -> 6 | B32: =MOD(ROW()+1,COUNTA(Seasons!$A$1:$A1003)+1) -> 3 | C32: ="Series "&A32&IF(B32=0,"","/"&INDIRECT(ADDRESS(B32,1,1,TRUE(),"Seasons"))) -> Series 6/Winter | D32: =IF(B32=0,VLOOKUP(A32,Series!$A$2:B1003,2,FALSE()),D31+IF(B31=0,0,7)) -> 44665 | E32: 50
A33: =FLOOR((ROW()+1)/(COUNTA(Seasons!$A$1:$A1003)+1),1) -> 6 | B33: =MOD(ROW()+1,COUNTA(Seasons!$A$1:$A1003)+1) -> 4 | C33: ="Series "&A33&IF(B33=0,"","/"&INDIRECT(ADDRESS(B33,1,1,TRUE(),"Seasons"))) -> Series 6/Spring | D33: =IF(B33=0,VLOOKUP(A33,Series!$A$2:B1003,2,FALSE()),D32+IF(B32=0,0,7)) -> 44672 | E33: 51
A34: =FLOOR((ROW()+1)/(COUNTA(Seasons!$A$1:$A1003)+1),1) -> 7 | B34: =MOD(ROW()+1,COUNTA(Seasons!$A$1:$A1003)+1) -> 0 | C34: ="Series "&A34&IF(B34=0,"","/"&INDIRECT(ADDRESS(B34,1,1,TRUE(),"Seasons"))) -> Series 7 | D34: =IF(B34=0,VLOOKUP(A34,Series!$A$2:B1003,2,FALSE()),D33+IF(B33=0,0,7)) -> 44679 | E34: 4
A35: =FLOOR((ROW()+1)/(COUNTA(Seasons!$A$1:$A1003)+1),1) -> 7 | B35: =MOD(ROW()+1,COUNTA(Seasons!$A$1:$A1003)+1) -> 1 | C35: ="Series "&A35&IF(B35=0,"","/"&INDIRECT(ADDRESS(B35,1,1,TRUE(),"Seasons"))) -> Series 7/Summer | D35: =IF(B35=0,VLOOKUP(A35,Series!$A$2:B1003,2,FALSE()),D34+IF(B34=0,0,7)) -> 44679 | E35: 53
A36: =FLOOR((ROW()+1)/(COUNTA(Seasons!$A$1:$A1003)+1),1) -> 7 | B36: =MOD(ROW()+1,COUNTA(Seasons!$A$1:$A1003)+1) -> 2 | C36: ="Series "&A36&IF(B36=0,"","/"&INDIRECT(ADDRESS(B36,1,1,TRUE(),"Seasons"))) -> Series 7/Autumn | D36: =IF(B36=0,VLOOKUP(A36,Series!$A$2:B1003,2,FALSE()),D35+IF(B35=0,0,7)) -> 44686 | E36: 51
A37: =FLOOR((ROW()+1)/(COUNTA(Seasons!$A$1:$A1003)+1),1) -> 7 | B37: =MOD(ROW()+1,COUNTA(Seasons!$A$1:$A1003)+1) -> 3 | C37: ="Series "&A37&IF(B37=0,"","/"&INDIRECT(ADDRESS(B37,1,1,TRUE(),"Seasons"))) -> Series 7/Winter | D37: =IF(B37=0,VLOOKUP(A37,Series!$A$2:B1003,2,FALSE()),D36+IF(B36=0,0,7)) -> 44693 | E37: 52
A38: =FLOOR((ROW()+1)/(COUNTA(Seasons!$A$1:$A1003)+1),1) -> 7 | B38: =MOD(ROW()+1,COUNTA(Seasons!$A$1:$A1003)+1) -> 4 | C38: ="Series "&A38&IF(B38=0,"","/"&INDIRECT(ADDRESS(B38,1,1,TRUE(),"Seasons"))) -> Series 7/Spring | D38: =IF(B38=0,VLOOKUP(A38,Series!$A$2:B1003,2,FALSE()),D37+IF(B37=0,0,7)) -> 44700 | E38: 53
A39: =FLOOR((ROW()+1)/(COUNTA(Seasons!$A$1:$A1003)+1),1) -> 8 | B39: =MOD(ROW()+1,COUNTA(Seasons!$A$1:$A1003)+1) -> 0 | C39: ="Series "&A39&IF(B39=0,"","/"&INDIRECT(ADDRESS(B39,1,1,TRUE(),"Seasons"))) -> Series 8 | D39: =IF(B39=0,VLOOKUP(A39,Series!$A$2:B1003,2,FALSE()),D38+IF(B38=0,0,7)) -> 44707 | E39: 4
A40: =FLOOR((ROW()+1)/(COUNTA(Seasons!$A$1:$A1003)+1),1) -> 8 | B40: =MOD(ROW()+1,COUNTA(Seasons!$A$1:$A1003)+1) -> 1 | C40: ="Series "&A40&IF(B40=0,"","/"&INDIRECT(ADDRESS(B40,1,1,TRUE(),"Seasons"))) -> Series 8/Summer | D40: =IF(B40=0,VLOOKUP(A40,Series!$A$2:B1003,2,FALSE()),D39+IF(B39=0,0,7)) -> 44707 | E40: 51
A41: =FLOOR((ROW()+1)/(COUNTA(Seasons!$A$1:$A1003)+1),1) -> 8 | B41: =MOD(ROW()+1,COUNTA(Seasons!$A$1:$A1003)+1) -> 2 | C41: ="Series "&A41&IF(B41=0,"","/"&INDIRECT(ADDRESS(B41,1,1,TRUE(),"Seasons"))) -> Series 8/Autumn | D41: =IF(B41=0,VLOOKUP(A41,Series!$A$2:B1003,2,FALSE()),D40+IF(B40=0,0,7)) -> 44714 | E41: 51
A42: =FLOOR((ROW()+1)/(COUNTA(Seasons!$A$1:$A1003)+1),1) -> 8 | B42: =MOD(ROW()+1,COUNTA(Seasons!$A$1:$A1003)+1) -> 3 | C42: ="Series "&A42&IF(B42=0,"","/"&INDIRECT(ADDRESS(B42,1,1,TRUE(),"Seasons"))) -> Series 8/Winter | D42: =IF(B42=0,VLOOKUP(A42,Series!$A$2:B1003,2,FALSE()),D41+IF(B41=0,0,7)) -> 44721 | E42: 51
A43: =FLOOR((ROW()+1)/(COUNTA(Seasons!$A$1:$A1003)+1),1) -> 8 | B43: =MOD(ROW()+1,COUNTA(Seasons!$A$1:$A1003)+1) -> 4 | C43: ="Series "&A43&IF(B43=0,"","/"&INDIRECT(ADDRESS(B43,1,1,TRUE(),"Seasons"))) -> Series 8/Spring | D43: =IF(B43=0,VLOOKUP(A43,Series!$A$2:B1003,2,FALSE()),D42+IF(B42=0,0,7)) -> 44728 | E43: 51
A44: =FLOOR((ROW()+1)/(COUNTA(Seasons!$A$1:$A1003)+1),1) -> 9 | B44: =MOD(ROW()+1,COUNTA(Seasons!$A$1:$A1003)+1) -> 0 | C44: ="Series "&A44&IF(B44=0,"","/"&INDIRECT(ADDRESS(B44,1,1,TRUE(),"Seasons"))) -> Series 9 | D44: =IF(B44=0,VLOOKUP(A44,Series!$A$2:B1003,2,FALSE()),D43+IF(B43=0,0,7)) -> 44735 | E44: 8
A45: =FLOOR((ROW()+1)/(COUNTA(Seasons!$A$1:$A1003)+1),1) -> 9 | B45: =MOD(ROW()+1,COUNTA(Seasons!$A$1:$A1003)+1) -> 1 | C45: ="Series "&A45&IF(B45=0,"","/"&INDIRECT(ADDRESS(B45,1,1,TRUE(),"Seasons"))) -> Series 9/Summer | D45: =IF(B45=0,VLOOKUP(A45,Series!$A$2:B1003,2,FALSE()),D44+IF(B44=0,0,7)) -> 44735 | E45: 51
A46: =FLOOR((ROW()+1)/(COUNTA(Seasons!$A$1:$A1003)+1),1) -> 9 | B46: =MOD(ROW()+1,COUNTA(Seasons!$A$1:$A1003)+1) -> 2 | C46: ="Series "&A46&IF(B46=0,"","/"&INDIRECT(ADDRESS(B46,1,1,TRUE(),"Seasons"))) -> Series 9/Autumn | D46: =IF(B46=0,VLOOKUP(A46,Series!$A$2:B1003,2,FALSE()),D45+IF(B45=0,0,7)) -> 44742 | E46: 51
A47: =FLOOR((ROW()+1)/(COUNTA(Seasons!$A$1:$A1003)+1),1) -> 9 | B47: =MOD(ROW()+1,COUNTA(Seasons!$A$1:$A1003)+1) -> 3 | C47: ="Series "&A47&IF(B47=0,"","/"&INDIRECT(ADDRESS(B47,1,1,TRUE(),"Seasons"))) -> Series 9/Winter | D47: =IF(B47=0,VLOOKUP(A47,Series!$A$2:B1003,2,FALSE()),D46+IF(B46=0,0,7)) -> 44749 | E47: 51
A48: =FLOOR((ROW()+1)/(COUNTA(Seasons!$A$1:$A1003)+1),1) -> 9 | B48: =MOD(ROW()+1,COUNTA(Seasons!$A$1:$A1003)+1) -> 4 | C48: ="Series "&A48&IF(B48=0,"","/"&INDIRECT(ADDRESS(B48,1,1,TRUE(),"Seasons"))) -> Series 9/Spring | D48: =IF(B48=0,VLOOKUP(A48,Series!$A$2:B1003,2,FALSE()),D47+IF(B47=0,0,7)) -> 44756 | E48: 51
A49: =FLOOR((ROW()+1)/(COUNTA(Seasons!$A$1:$A1003)+1),1) -> 10 | B49: =MOD(ROW()+1,COUNTA(Seasons!$A$1:$A1003)+1) -> 0 | C49: ="Series "&A49&IF(B49=0,"","/"&INDIRECT(ADDRESS(B49,1,1,TRUE(),"Seasons"))) -> Series 10 | D49: =IF(B49=0,VLOOKUP(A49,Series!$A$2:B1003,2,FALSE()),D48+IF(B48=0,0,7)) -> 44763 | E49: 8
A50: =FLOOR((ROW()+1)/(COUNTA(Seasons!$A$1:$A1003)+1),1) -> 10 | B50: =MOD(ROW()+1,COUNTA(Seasons!$A$1:$A1003)+1) -> 1 | C50: ="Series "&A50&IF(B50=0,"","/"&INDIRECT(ADDRESS(B50,1,1,TRUE(),"Seasons"))) -> Series 10/Summer | D50: =IF(B50=0,VLOOKUP(A50,Series!$A$2:B1003,2,FALSE()),D49+IF(B49=0,0,7)) -> 44763 | E50: 61
A51: =FLOOR((ROW()+1)/(COUNTA(Seasons!$A$1:$A1003)+1),1) -> 10 | B51: =MOD(ROW()+1,COUNTA(Seasons!$A$1:$A1003)+1) -> 2 | C51: ="Series "&A51&IF(B51=0,"","/"&INDIRECT(ADDRESS(B51,1,1,TRUE(),"Seasons"))) -> Series 10/Autumn | D51: =IF(B51=0,VLOOKUP(A51,Series!$A$2:B1003,2,FALSE()),D50+IF(B50=0,0,7)) -> 44770 | E51: 61
A52: =FLOOR((ROW()+1)/(COUNTA(Seasons!$A$1:$A1003)+1),1) -> 10 | B52: =MOD(ROW()+1,COUNTA(Seasons!$A$1:$A1003)+1) -> 3 | C52: ="Series "&A52&IF(B52=0,"","/"&INDIRECT(ADDRESS(B52,1,1,TRUE(),"Seasons"))) -> Series 10/Winter | D52: =IF(B52=0,VLOOKUP(A52,Series!$A$2:B1003,2,FALSE()),D51+IF(B51=0,0,7)) -> 44777 | E52: 61
A53: =FLOOR((ROW()+1)/(COUNTA(Seasons!$A$1:$A1003)+1),1) -> 10 | B53: =MOD(ROW()+1,COUNTA(Seasons!$A$1:$A1003)+1) -> 4 | C53: ="Series "&A53&IF(B53=0,"","/"&INDIRECT(ADDRESS(B53,1,1,TRUE(),"Seasons"))) -> Series 10/Spring | D53: =IF(B53=0,VLOOKUP(A53,Series!$A$2:B1003,2,FALSE()),D52+IF(B52=0,0,7)) -> 44784 | E53: 61
A54: =FLOOR((ROW()+1)/(COUNTA(Seasons!$A$1:$A1003)+1),1) -> 11 | B54: =MOD(ROW()+1,COUNTA(Seasons!$A$1:$A1003)+1) -> 0 | C54: ="Series "&A54&IF(B54=0,"","/"&INDIRECT(ADDRESS(B54,1,1,TRUE(),"Seasons"))) -> Series 11 | D54: =IF(B54=0,VLOOKUP(A54,Series!$A$2:B1003,2,FALSE()),D53+IF(B53=0,0,7)) -> 44791 | E54: 20
A55: =FLOOR((ROW()+1)/(COUNTA(Seasons!$A$1:$A1003)+1),1) -> 11 | B55: =MOD(ROW()+1,COUNTA(Seasons!$A$1:$A1003)+1) -> 1 | C55: ="Series "&A55&IF(B55=0,"","/"&INDIRECT(ADDRESS(B55,1,1,TRUE(),"Seasons"))) -> Series 11/Summer | D55: =IF(B55=0,VLOOKUP(A55,Series!$A$2:B1003,2,FALSE()),D54+IF(B54=0,0,7)) -> 44791 | E55: 58
A56: =FLOOR((ROW()+1)/(COUNTA(Seasons!$A$1:$A1003)+1),1) -> 11 | B56: =MOD(ROW()+1,COUNTA(Seasons!$A$1:$A1003)+1) -> 2 | C56: ="Series "&A56&IF(B56=0,"","/"&INDIRECT(ADDRESS(B56,1,1,TRUE(),"Seasons"))) -> Series 11/Autumn | D56: =IF(B56=0,VLOOKUP(A56,Series!$A$2:B1003,2,FALSE()),D55+IF(B55=0,0,7)) -> 44798 | E56: 58
A57: =FLOOR((ROW()+1)/(COUNTA(Seasons!$A$1:$A1003)+1),1) -> 11 | B57: =MOD(ROW()+1,COUNTA(Seasons!$A$1:$A1003)+1) -> 3 | C57: ="Series "&A57&IF(B57=0,"","/"&INDIRECT(ADDRESS(B57,1,1,TRUE(),"Seasons"))) -> Series 11/Winter | D57: =IF(B57=0,VLOOKUP(A57,Series!$A$2:B1003,2,FALSE()),D56+IF(B56=0,0,7)) -> 44805 | E57: 58
A58: =FLOOR((ROW()+1)/(COUNTA(Seasons!$A$1:$A1003)+1),1) -> 11 | B58: =MOD(ROW()+1,COUNTA(Seasons!$A$1:$A1003)+1) -> 4 | C58: ="Series "&A58&IF(B58=0,"","/"&INDIRECT(ADDRESS(B58,1,1,TRUE(),"Seasons"))) -> Series 11/Spring | D58: =IF(B58=0,VLOOKUP(A58,Series!$A$2:B1003,2,FALSE()),D57+IF(B57=0,0,7)) -> 44812 | E58: 58
A59: =FLOOR((ROW()+1)/(COUNTA(Seasons!$A$1:$A1003)+1),1) -> 12 | B59: =MOD(ROW()+1,COUNTA(Seasons!$A$1:$A1003)+1) -> 0 | C59: ="Series "&A59&IF(B59=0,"","/"&INDIRECT(ADDRESS(B59,1,1,TRUE(),"Seasons"))) -> Series 12 | D59: =IF(B59=0,VLOOKUP(A59,Series!$A$2:B1003,2,FALSE()),D58+IF(B58=0,0,7)) -> 44819 | E59: 8
A60: =FLOOR((ROW()+1)/(COUNTA(Seasons!$A$1:$A1003)+1),1) -> 12 | B60: =MOD(ROW()+1,COUNTA(Seasons!$A$1:$A1003)+1) -> 1 | C60: ="Series "&A60&IF(B60=0,"","/"&INDIRECT(ADDRESS(B60,1,1,TRUE(),"Seasons"))) -> Series 12/Summer | D60: =IF(B60=0,VLOOKUP(A60,Series!$A$2:B1003,2,FALSE()),D59+IF(B59=0,0,7)) -> 44819 | E60: 63
A61: =FLOOR((ROW()+1)/(COUNTA(Seasons!$A$1:$A1003)+1),1) -> 12 | B61: =MOD(ROW()+1,COUNTA(Seasons!$A$1:$A1003)+1) -> 2 | C61: ="Series "&A61&IF(B61=0,"","/"&INDIRECT(ADDRESS(B61,1,1,TRUE(),"Seasons"))) -> Series 12/Autumn | D61: =IF(B61=0,VLOOKUP(A61,Series!$A$2:B1003,2,FALSE()),D60+IF(B60=0,0,7)) -> 44826 | E61: 63
A62: =FLOOR((ROW()+1)/(COUNTA(Seasons!$A$1:$A1003)+1),1) -> 12 | B62: =MOD(ROW()+1,COUNTA(Seasons!$A$1:$A1003)+1) -> 3 | C62: ="Series "&A62&IF(B62=0,"","/"&INDIRECT(ADDRESS(B62,1,1,TRUE(),"Seasons"))) -> Series 12/Winter | D62: =IF(B62=0,VLOOKUP(A62,Series!$A$2:B1003,2,FALSE()),D61+IF(B61=0,0,7)) -> 44833 | E62: 63
A63: =FLOOR((ROW()+1)/(COUNTA(Seasons!$A$1:$A1003)+1),1) -> 12 | B63: =MOD(ROW()+1,COUNTA(Seasons!$A$1:$A1003)+1) -> 4 | C63: ="Series "&A63&IF(B63=0,"","/"&INDIRECT(ADDRESS(B63,1,1,TRUE(),"Seasons"))) -> Series 12/Spring | D63: =IF(B63=0,VLOOKUP(A63,Series!$A$2:B1003,2,FALSE()),D62+IF(B62=0,0,7)) -> 44840 | E63: 63
A64: =FLOOR((ROW()+1)/(COUNTA(Seasons!$A$1:$A1003)+1),1) -> 13 | B64: =MOD(ROW()+1,COUNTA(Seasons!$A$1:$A1003)+1) -> 0 | C64: ="Series "&A64&IF(B64=0,"","/"&INDIRECT(ADDRESS(B64,1,1,TRUE(),"Seasons"))) -> Series 13 | D64: =IF(B64=0,VLOOKUP(A64,Series!$A$2:B1003,2,FALSE()),D63+IF(B63=0,0,7)) -> 44847 | E64: 20
A65: =FLOOR((ROW()+1)/(COUNTA(Seasons!$A$1:$A1003)+1),1) -> 13 | B65: =MOD(ROW()+1,COUNTA(Seasons!$A$1:$A1003)+1) -> 1 | C65: ="Series "&A65&IF(B65=0,"","/"&INDIRECT(ADDRESS(B65,1,1,TRUE(),"Seasons"))) -> Series 13/Summer | D65: =IF(B65=0,VLOOKUP(A65,Series!$A$2:B1003,2,FALSE()),D64+IF(B64=0,0,7)) -> 44847 | E65: 63
A66: =FLOOR((ROW()+1)/(COUNTA(Seasons!$A$1:$A1003)+1),1) -> 13 | B66: =MOD(ROW()+1,COUNTA(Seasons!$A$1:$A1003)+1) -> 2 | C66: ="Series "&A66&IF(B66=0,"","/"&INDIRECT(ADDRESS(B66,1,1,TRUE(),"Seasons"))) -> Series 13/Autumn | D66: =IF(B66=0,VLOOKUP(A66,Series!$A$2:B1003,2,FALSE()),D65+IF(B65=0,0,7)) -> 44854 | E66: 63
A67: =FLOOR((ROW()+1)/(COUNTA(Seasons!$A$1:$A1003)+1),1) -> 13 | B67: =MOD(ROW()+1,COUNTA(Seasons!$A$1:$A1003)+1) -> 3 | C67: ="Series "&A67&IF(B67=0,"","/"&INDIRECT(ADDRESS(B67,1,1,TRUE(),"Seasons"))) -> Series 13/Winter | D67: =IF(B67=0,VLOOKUP(A67,Series!$A$2:B1003,2,FALSE()),D66+IF(B66=0,0,7)) -> 44861 | E67: 63
A68: =FLOOR((ROW()+1)/(COUNTA(Seasons!$A$1:$A1003)+1),1) -> 13 | B68: =MOD(ROW()+1,COUNTA(Seasons!$A$1:$A1003)+1) -> 4 | C68: ="Series "&A68&IF(B68=0,"","/"&INDIRECT(ADDRESS(B68,1,1,TRUE(),"Seasons"))) -> Series 13/Spring | D68: =IF(B68=0,VLOOKUP(A68,Series!$A$2:B1003,2,FALSE()),D67+IF(B67=0,0,7)) -> 44868 | E68: 63
A69: =FLOOR((ROW()+1)/(COUNTA(Seasons!$A$1:$A1003)+1),1) -> 14 | B69: =MOD(ROW()+1,COUNTA(Seasons!$A$1:$A1003)+1) -> 0 | C69: ="Series "&A69&IF(B69=0,"","/"&INDIRECT(ADDRESS(B69,1,1,TRUE(),"Seasons"))) -> Series 14 | D69: =IF(B69=0,VLOOKUP(A69,Series!$A$2:B1003,2,FALSE()),D68+IF(B68=0,0,7)) -> 44875 | E69: 20
A70: =FLOOR((ROW()+1)/(COUNTA(Seasons!$A$1:$A1003)+1),1) -> 14 | B70: =MOD(ROW()+1,COUNTA(Seasons!$A$1:$A1003)+1) -> 1 | C70: ="Series "&A70&IF(B70=0,"","/"&INDIRECT(ADDRESS(B70,1,1,TRUE(),"Seasons"))) -> Series 14/Summer | D70: =IF(B70=0,VLOOKUP(A70,Series!$A$2:B1003,2,FALSE()),D69+IF(B69=0,0,7)) -> 44875 | E70: 58
A71: =FLOOR((ROW()+1)/(COUNTA(Seasons!$A$1:$A1003)+1),1) -> 14 | B71: =MOD(ROW()+1,COUNTA(Seasons!$A$1:$A1003)+1) -> 2 | C71: ="Series "&A71&IF(B71=0,"","/"&INDIRECT(ADDRESS(B71,1,1,TRUE(),"Seasons"))) -> Series 14/Autumn | D71: =IF(B71=0,VLOOKUP(A71,Series!$A$2:B1003,2,FALSE()),D70+IF(B70=0,0,7)) -> 44882 | E71: 58
A72: =FLOOR((ROW()+1)/(COUNTA(Seasons!$A$1:$A1003)+1),1) -> 14 | B72: =MOD(ROW()+1,COUNTA(Seasons!$A$1:$A1003)+1) -> 3 | C72: ="Series "&A72&IF(B72=0,"","/"&INDIRECT(ADDRESS(B72,1,1,TRUE(),"Seasons"))) -> Series 14/Winter | D72: =IF(B72=0,VLOOKUP(A72,Series!$A$2:B1003,2,FALSE()),D71+IF(B71=0,0,7)) -> 44889 | E72: 58
A73: =FLOOR((ROW()+1)/(COUNTA(Seasons!$A$1:$A1003)+1),1) -> 14 | B73: =MOD(ROW()+1,COUNTA(Seasons!$A$1:$A1003)+1) -> 4 | C73: ="Series "&A73&IF(B73=0,"","/"&INDIRECT(ADDRESS(B73,1,1,TRUE(),"Seasons"))) -> Series 14/Spring | D73: =IF(B73=0,VLOOKUP(A73,Series!$A$2:B1003,2,FALSE()),D72+IF(B72=0,0,7)) -> 44896 | E73: 58
A74: =FLOOR((ROW()+1)/(COUNTA(Seasons!$A$1:$A1003)+1),1) -> 15 | B74: =MOD(ROW()+1,COUNTA(Seasons!$A$1:$A1003)+1) -> 0 | C74: ="Series "&A74&IF(B74=0,"","/"&INDIRECT(ADDRESS(B74,1,1,TRUE(),"Seasons"))) -> Series 15 | D74: =IF(B74=0,VLOOKUP(A74,Series!$A$2:B1003,2,FALSE()),D73+IF(B73=0,0,7)) -> 44903 | E74: 8
A75: =FLOOR((ROW()+1)/(COUNTA(Seasons!$A$1:$A1003)+1),1) -> 15 | B75: =MOD(ROW()+1,COUNTA(Seasons!$A$1:$A1003)+1) -> 1 | C75: ="Series "&A75&IF(B75=0,"","/"&INDIRECT(ADDRESS(B75,1,1,TRUE(),"Seasons"))) -> Series 15/Summer | D75: =IF(B75=0,VLOOKUP(A75,Series!$A$2:B1003,2,FALSE()),D74+IF(B74=0,0,7)) -> 44903 | E75: 58
A76: =FLOOR((ROW()+1)/(COUNTA(Seasons!$A$1:$A1003)+1),1) -> 15 | B76: =MOD(ROW()+1,COUNTA(Seasons!$A$1:$A1003)+1) -> 2 | C76: ="Series "&A76&IF(B76=0,"","/"&INDIRECT(ADDRESS(B76,1,1,TRUE(),"Seasons"))) -> Series 15/Autumn | D76: =IF(B76=0,VLOOKUP(A76,Series!$A$2:B1003,2,FALSE()),D75+IF(B75=0,0,7)) -> 44910 | E76: 58
A77: =FLOOR((ROW()+1)/(COUNTA(Seasons!$A$1:$A1003)+1),1) -> 15 | B77: =MOD(ROW()+1,COUNTA(Seasons!$A$1:$A1003)+1) -> 3 | C77: ="Series "&A77&IF(B77=0,"","/"&INDIRECT(ADDRESS(B77,1,1,TRUE(),"Seasons"))) -> Series 15/Winter | D77: =IF(B77=0,VLOOKUP(A77,Series!$A$2:B1003,2,FALSE()),D76+IF(B76=0,0,7)) -> 44917 | E77: 58
A78: =FLOOR((ROW()+1)/(COUNTA(Seasons!$A$1:$A1003)+1),1) -> 15 | B78: =MOD(ROW()+1,COUNTA(Seasons!$A$1:$A1003)+1) -> 4 | C78: ="Series "&A78&IF(B78=0,"","/"&INDIRECT(ADDRESS(B78,1,1,TRUE(),"Seasons"))) -> Series 15/Spring | D78: =IF(B78=0,VLOOKUP(A78,Series!$A$2:B1003,2,FALSE()),D77+IF(B77=0,0,7)) -> 44924 | E78: 58
A79: =FLOOR((ROW()+1)/(COUNTA(Seasons!$A$1:$A1003)+1),1) -> 16 | B79: =MOD(ROW()+1,COUNTA(Seasons!$A$1:$A1003)+1) -> 0 | C79: ="Series "&A79&IF(B79=0,"","/"&INDIRECT(ADDRESS(B79,1,1,TRUE(),"Seasons"))) -> Series 16 | D79: =IF(B79=0,VLOOKUP(A79,Series!$A$2:B1003,2,FALSE()),D78+IF(B78=0,0,7)) -> 44931 | E79: 8
A80: =FLOOR((ROW()+1)/(COUNTA(Seasons!$A$1:$A1003)+1),1) -> 16 | B80: =MOD(ROW()+1,COUNTA(Seasons!$A$1:$A1003)+1) -> 1 | C80: ="Series "&A80&IF(B80=0,"","/"&INDIRECT(ADDRESS(B80,1,1,TRUE(),"Seasons"))) -> Series 16/Summer | D80: =IF(B80=0,VLOOKUP(A80,Series!$A$2:B1003,2,FALSE()),D79+IF(B79=0,0,7)) -> 44931 | E80: 58
A81: =FLOOR((ROW()+1)/(COUNTA(Seasons!$A$1:$A1003)+1),1) -> 16 | B81: =MOD(ROW()+1,COUNTA(Seasons!$A$1:$A1003)+1) -> 2 | C81: ="Series "&A81&IF(B81=0,"","/"&INDIRECT(ADDRESS(B81,1,1,TRUE(),"Seasons"))) -> Series 16/Autumn | D81: =IF(B81=0,VLOOKUP(A81,Series!$A$2:B1003,2,FALSE()),D80+IF(B80=0,0,7)) -> 44938 | E81: 58
A82: =FLOOR((ROW()+1)/(COUNTA(Seasons!$A$1:$A1003)+1),1) -> 16 | B82: =MOD(ROW()+1,COUNTA(Seasons!$A$1:$A1003)+1) -> 3 | C82: ="Series "&A82&IF(B82=0,"","/"&INDIRECT(ADDRESS(B82,1,1,TRUE(),"Seasons"))) -> Series 16/Winter | D82: =IF(B82=0,VLOOKUP(A82,Series!$A$2:B1003,2,FALSE()),D81+IF(B81=0,0,7)) -> 44945 | E82: 58
A83: =FLOOR((ROW()+1)/(COUNTA(Seasons!$A$1:$A1003)+1),1) -> 16 | B83: =MOD(ROW()+1,COUNTA(Seasons!$A$1:$A1003)+1) -> 4 | C83: ="Series "&A83&IF(B83=0,"","/"&INDIRECT(ADDRESS(B83,1,1,TRUE(),"Seasons"))) -> Series 16/Spring | D83: =IF(B83=0,VLOOKUP(A83,Series!$A$2:B1003,2,FALSE()),D82+IF(B82=0,0,7)) -> 44952 | E83: 58
A84: =FLOOR((ROW()+1)/(COUNTA(Seasons!$A$1:$A1003)+1),1) -> 17 | B84: =MOD(ROW()+1,COUNTA(Seasons!$A$1:$A1003)+1) -> 0 | C84: ="Series "&A84&IF(B84=0,"","/"&INDIRECT(ADDRESS(B84,1,1,TRUE(),"Seasons"))) -> Series 17 | D84: =IF(B84=0,VLOOKUP(A84,Series!$A$2:B1003,2,FALSE()),D83+IF(B83=0,0,7)) -> 44959 | E84: 8
A85: =FLOOR((ROW()+1)/(COUNTA(Seasons!$A$1:$A1003)+1),1) -> 17 | B85: =MOD(ROW()+1,COUNTA(Seasons!$A$1:$A1003)+1) -> 1 | C85: ="Series "&A85&IF(B85=0,"","/"&INDIRECT(ADDRESS(B85,1,1,TRUE(),"Seasons"))) -> Series 17/Summer | D85: =IF(B85=0,VLOOKUP(A85,Series!$A$2:B1003,2,FALSE()),D84+IF(B84=0,0,7)) -> 44959 | E85: 59
A86: =FLOOR((ROW()+1)/(COUNTA(Seasons!$A$1:$A1003)+1),1) -> 17 | B86: =MOD(ROW()+1,COUNTA(Seasons!$A$1:$A1003)+1) -> 2 | C86: ="Series "&A86&IF(B86=0,"","/"&INDIRECT(ADDRESS(B86,1,1,TRUE(),"Seasons"))) -> Series 17/Autumn | D86: =IF(B86=0,VLOOKUP(A86,Series!$A$2:B1003,2,FALSE()),D85+IF(B85=0,0,7)) -> 44966 | E86: 59
A87: =FLOOR((ROW()+1)/(COUNTA(Seasons!$A$1:$A1003)+1),1) -> 17 | B87: =MOD(ROW()+1,COUNTA(Seasons!$A$1:$A1003)+1) -> 3 | C87: ="Series "&A87&IF(B87=0,"","/"&INDIRECT(ADDRESS(B87,1,1,TRUE(),"Seasons"))) -> Series 17/Winter | D87: =IF(B87=0,VLOOKUP(A87,Series!$A$2:B1003,2,FALSE()),D86+IF(B86=0,0,7)) -> 44973 | E87: 59
A88: =FLOOR((ROW()+1)/(COUNTA(Seasons!$A$1:$A1003)+1),1) -> 17 | B88: =MOD(ROW()+1,COUNTA(Seasons!$A$1:$A1003)+1) -> 4 | C88: ="Series "&A88&IF(B88=0,"","/"&INDIRECT(ADDRESS(B88,1,1,TRUE(),"Seasons"))) -> Series 17/Spring | D88: =IF(B88=0,VLOOKUP(A88,Series!$A$2:B1003,2,FALSE()),D87+IF(B87=0,0,7)) -> 44980 | E88: 59
A89: =FLOOR((ROW()+1)/(COUNTA(Seasons!$A$1:$A1003)+1),1) -> 18 | B89: =MOD(ROW()+1,COUNTA(Seasons!$A$1:$A1003)+1) -> 0 | C89: ="Series "&A89&IF(B89=0,"","/"&INDIRECT(ADDRESS(B89,1,1,TRUE(),"Seasons"))) -> Series 18 | D89: =IF(B89=0,VLOOKUP(A89,Series!$A$2:B1003,2,FALSE()),D88+IF(B88=0,0,7)) -> 44987 | E89: 8
A90: =FLOOR((ROW()+1)/(COUNTA(Seasons!$A$1:$A1003)+1),1) -> 18 | B90: =MOD(ROW()+1,COUNTA(Seasons!$A$1:$A1003)+1) -> 1 | C90: ="Series "&A90&IF(B90=0,"","/"&INDIRECT(ADDRESS(B90,1,1,TRUE(),"Seasons"))) -> Series 18/Summer | D90: =IF(B90=0,VLOOKUP(A90,Series!$A$2:B1003,2,FALSE()),D89+IF(B89=0,0,7)) -> 44987 | E90: 61
A91: =FLOOR((ROW()+1)/(COUNTA(Seasons!$A$1:$A1003)+1),1) -> 18 | B91: =MOD(ROW()+1,COUNTA(Seasons!$A$1:$A1003)+1) -> 2 | C91: ="Series "&A91&IF(B91=0,"","/"&INDIRECT(ADDRESS(B91,1,1,TRUE(),"Seasons"))) -> Series 18/Autumn | D91: =IF(B91=0,VLOOKUP(A91,Series!$A$2:B1003,2,FALSE()),D90+IF(B90=0,0,7)) -> 44994 | E91: 61
A92: =FLOOR((ROW()+1)/(COUNTA(Seasons!$A$1:$A1003)+1),1) -> 18 | B92: =MOD(ROW()+1,COUNTA(Seasons!$A$1:$A1003)+1) -> 3 | C92: ="Series "&A92&IF(B92=0,"","/"&INDIRECT(ADDRESS(B92,1,1,TRUE(),"Seasons"))) -> Series 18/Winter | D92: =IF(B92=0,VLOOKUP(A92,Series!$A$2:B1003,2,FALSE()),D91+IF(B91=0,0,7)) -> 45001 | E92: 61
A93: =FLOOR((ROW()+1)/(COUNTA(Seasons!$A$1:$A1003)+1),1) -> 18 | B93: =MOD(ROW()+1,COUNTA(Seasons!$A$1:$A1003)+1) -> 4 | C93: ="Series "&A93&IF(B93=0,"","/"&INDIRECT(ADDRESS(B93,1,1,TRUE(),"Seasons"))) -> Series 18/Spring | D93: =IF(B93=0,VLOOKUP(A93,Series!$A$2:B1003,2,FALSE()),D92+IF(B92=0,0,7)) -> 45008 | E93: 61
A94: =FLOOR((ROW()+1)/(COUNTA(Seasons!$A$1:$A1003)+1),1) -> 19 | B94: =MOD(ROW()+1,COUNTA(Seasons!$A$1:$A1003)+1) -> 0 | C94: ="Series "&A94&IF(B94=0,"","/"&INDIRECT(ADDRESS(B94,1,1,TRUE(),"Seasons"))) -> Series 19 | D94: =IF(B94=0,VLOOKUP(A94,Series!$A$2:B1003,2,FALSE()),D93+IF(B93=0,0,7)) -> 45015 | E94: 8
A95: =FLOOR((ROW()+1)/(COUNTA(Seasons!$A$1:$A1003)+1),1) -> 19 | B95: =MOD(ROW()+1,COUNTA(Seasons!$A$1:$A1003)+1) -> 1 | C95: ="Series "&A95&IF(B95=0,"","/"&INDIRECT(ADDRESS(B95,1,1,TRUE(),"Seasons"))) -> Series 19/Summer | D95: =IF(B95=0,VLOOKUP(A95,Series!$A$2:B1003,2,FALSE()),D94+IF(B94=0,0,7)) -> 45015 | E95: 68
A96: =FLOOR((ROW()+1)/(COUNTA(Seasons!$A$1:$A1003)+1),1) -> 19 | B96: =MOD(ROW()+1,COUNTA(Seasons!$A$1:$A1003)+1) -> 2 | C96: ="Series "&A96&IF(B96=0,"","/"&INDIRECT(ADDRESS(B96,1,1,TRUE(),"Seasons"))) -> Series 19/Autumn | D96: =IF(B96=0,VLOOKUP(A96,Series!$A$2:B1003,2,FALSE()),D95+IF(B95=0,0,7)) -> 45022 | E96: 68
A97: =FLOOR((ROW()+1)/(COUNTA(Seasons!$A$1:$A1003)+1),1) -> 19 | B97: =MOD(ROW()+1,COUNTA(Seasons!$A$1:$A1003)+1) -> 3 | C97: ="Series "&A97&IF(B97=0,"","/"&INDIRECT(ADDRESS(B97,1,1,TRUE(),"Seasons"))) -> Series 19/Winter | D97: =IF(B97=0,VLOOKUP(A97,Series!$A$2:B1003,2,FALSE()),D96+IF(B96=0,0,7)) -> 45029 | E97: 68
A98: =FLOOR((ROW()+1)/(COUNTA(Seasons!$A$1:$A1003)+1),1) -> 19 | B98: =MOD(ROW()+1,COUNTA(Seasons!$A$1:$A1003)+1) -> 4 | C98: ="Series "&A98&IF(B98=0,"","/"&INDIRECT(ADDRESS(B98,1,1,TRUE(),"Seasons"))) -> Series 19/Spring | D98: =IF(B98=0,VLOOKUP(A98,Series!$A$2:B1003,2,FALSE()),D97+IF(B97=0,0,7)) -> 45036 | E98: 68
A99: =FLOOR((ROW()+1)/(COUNTA(Seasons!$A$1:$A1003)+1),1) -> 20 | B99: =MOD(ROW()+1,COUNTA(Seasons!$A$1:$A1003)+1) -> 0 | C99: ="Series "&A99&IF(B99=0,"","/"&INDIRECT(ADDRESS(B99,1,1,TRUE(),"Seasons"))) -> Series 20 | D99: =IF(B99=0,VLOOKUP(A99,Series!$A$2:B1003,2,FALSE()),D98+IF(B98=0,0,7)) -> 45043 | E99: 8
A100: =FLOOR((ROW()+1)/(COUNTA(Seasons!$A$1:$A1003)+1),1) -> 20 | B100: =MOD(ROW()+1,COUNTA(Seasons!$A$1:$A1003)+1) -> 1 | C100: ="Series "&A100&IF(B100=0,"","/"&INDIRECT(ADDRESS(B100,1,1,TRUE(),"Seasons"))) -> Series 20/Summer | D100: =IF(B100=0,VLOOKUP(A100,Series!$A$2:B1003,2,FALSE()),D99+IF(B99=0,0,7)) -> 45043 | E100: 68
...

Sheet Classifications
A1: Barn Find
A2: Accolade
A3: Autoshow
A4: Car Collector
A5: Car Mastery
A6: Wheelspin
A7: Reward
A8: DLC
A9: Promo
A10: Unreleased

Sheet Reward Types
A1: Season Reward
A2: Playground Games
A3: Seasonal Championship
A4: Series Reward
A5: Super7
A6: The Trial
A7: Event Reward
A8: Event Lab
A9: Collectibles
A10: Showcase Remix
A11: Danger Sign
A12: Speed Trap
... A20: Gift

Sheet Series
A1: Number | B1: Date | C1: Name
A2: =ROW()-2 -> 0 | B2: 44505 | C2: Welcome Week
A3: =ROW()-2 -> 1 | B3: 44511 | C3: Welcome to Mexico
A4: =ROW()-2 -> 2 | B4: =B3+28 -> 44539 | C4: Holiday Special
A5: =ROW()-2 -> 3 | B5: =B4+28 -> 44567 | C5: Happy New Year
A6: =ROW()-2 -> 4 | B6: =B5+28 -> 44595 | C6: Horizon World Cup
A7: =ROW()-2 -> 5 | B7: =B6+28 -> 44623 | C7: Horizon Rush Takeover
A8: =ROW()-2 -> 6 | B8: =B7+28 -> 44651 | C8: Horizon Customs
A9: =ROW()-2 -> 7 | B9: =B8+28 -> 44679 | C9: Cinco de Mayo
A10: =ROW()-2 -> 8 | B10: =B9+28 -> 44707 | C10: German Automotive Excellence
A11: =ROW()-2 -> 9 | B11: =B10+28 -> 44735 | C11: Hot Wheels
A12: =ROW()-2 -> 10 | B12: =B11+28 -> 44763 | C12: Extreme E
A13: =ROW()-2 -> 11 | B13: =B12+28 -> 44791 | C13: Rami's Racing History
A14: =ROW()-2 -> 12 | B14: =B13+28 -> 44819 | C14: Horizon Road Trip
A15: =ROW()-2 -> 13 | B15: =B14+28 -> 44847 | C15: Horizon 10-Year Anniversary
... A36: =ROW()-2 -> 34 | B36: =B35+28 -> 45435 | C36: Horizon Retrowave
A37: =ROW()-2 -> 35 | B37: =B36+28 -> 45463
A38: =ROW()-2 -> 36 | B38: =B37+28 -> 45491
A39: =ROW()-2 -> 37 | B39: =B38+28 -> 45519
A40: =ROW()-2 -> 38 | B40: =B39+28 -> 45547
A41: =ROW()-2 -> 39 | B41: =B40+28 -> 45575
A42: =ROW()-2 -> 40 | B42: =B41+28 -> 45603
A43: =ROW()-2 -> 41 | B43: =B42+28 -> 45631
A44: =ROW()-2 -> 42 | B44: =B43+28 -> 45659
A45: =ROW()-2 -> 43 | B45: =B44+28 -> 45687
A46: =ROW()-2 -> 44 | B46: =B45+28 -> 45715
A47: =ROW()-2 -> 45 | B47: =B46+28 -> 45743
A48: =ROW()-2 -> 46 | B48: =B47+28 -> 45771
... A101: =ROW()-2 -> 99 | B101: =B100+28 -> 47255

Sheet Seasons
A1: Summer
A2: Autumn
A3: Winter
A4: Spring

Sheet Season Start
A1: =TIME(16,30,0) -> 0.6875 | B1: =NOW() -> 45672.082

Sheet Rarities
A1: - | B1: 0
A2: Common | B2: 1
A3: Rare | B3: 2
A4: Epic | B4: 3
A5: Legendary | B5: 4
A6: Forza Edition | B6: 5
A7: Anniversary Edition | B7: 6
A8: Donut Edition | B8: 6

Sheet Types
A1: -
A2: Buggies
A3: Classic Muscle
A4: Classic Racers
A5: Classic Rally
A6: Classic Sports Cars
A7: Cult Classics
A8: Drift Cars
A9: Extreme Track Toys
A10: GT Cars
A11: Hot Hatch
A12: Hypercars
... A38: Vintage Racers

Sheet Manufacturers
A1: Abarth | B1: IT
A2: Acura | B2: US
A3: Alejandra's | B3: -
A4: Alfa Romeo | B4: IT
A5: Alpine | B5: FR
A6: Alumnicraft | B6: US
A7: AMC | B7: US
A8: AMG Transport Dynamics | B8: US
A9: Apollo | B9: DE
A10: Ariel | B10: GB
A11: Ascari | B11: GB
A12: Aston Martin | B12: GB
... A131: Zenvo | B131: DK

Sheet Countries
A1: - | B1: =IF(A1="-",A1,image("https://public.flourish.studio/country-flags/svg/"&LOWER(A1)&".svg",2)) -> -
A2: AE | B2: =IF(A2="-",A2,image("https://public.flourish.studio/country-flags/svg/"&LOWER(A2)&".svg",2)) -> #NAME?
A3: AT | B3: =IF(A3="-",A3,image("https://public.flourish.studio/country-flags/svg/"&LOWER(A3)&".svg",2)) -> #NAME?
A4: AU | B4: =IF(A4="-",A4,image("https://public.flourish.studio/country-flags/svg/"&LOWER(A4)&".svg",2)) -> #NAME?
A5: CA | B5: =IF(A5="-",A5,image("https://public.flourish.studio/country-flags/svg/"&LOWER(A5)&".svg",2)) -> #NAME?
A6: CN | B6: =IF(A6="-",A6,image("https://public.flourish.studio/country-flags/svg/"&LOWER(A6)&".svg",2)) -> #NAME?
A7: DE | B7: =IF(A7="-",A7,image("https://public.flourish.studio/country-flags/svg/"&LOWER(A7)&".svg",2)) -> #NAME?
A8: DK | B8: =IF(A8="-",A8,image("https://public.flourish.studio/country-flags/svg/"&LOWER(A8)&".svg",2)) -> #NAME?
A9: ES | B9: =IF(A9="-",A9,image("https://public.flourish.studio/country-flags/svg/"&LOWER(A9)&".svg",2)) -> #NAME?
A10: FR | B10: =IF(A10="-",A10,image("https://public.flourish.studio/country-flags/svg/"&LOWER(A10)&".svg",2)) -> #NAME?
A11: GB | B11: =IF(A11="-",A11,image("https://public.flourish.studio/country-flags/svg/"&LOWER(A11)&".svg",2)) -> #NAME?
A12: HR | B12: =IF(A12="-",A12,image("https://public.flourish.studio/country-flags/svg/"&LOWER(A12)&".svg",2)) -> #NAME?
... A19: US | B19: =IF(A19="-",A19,image("https://public.flourish.studio/country-flags/svg/"&LOWER(A19)&".svg",2)) -> #NAME?

Sheet Reward Categories
A1: Exclusive | B1: 4
A2: Hard to Find | B2: 3
A3: Valuable | B3: 2
A4: Common | B4: 1

Sheet Wheelspin Rewards
A1: 1000 | B1: Common
A2: 2000 | B2: Common
A3: 4000 | B3: Common
A4: 5000 | B4: Common
A5: 10000 | B5: Common
A6: 15000 | B6: Common
A7: 20000 | B7: Common
A8: 25000 | B8: Common
A9: 30000 | B9: Common
A10: 35000 | B10: Common
A11: 40000 | B11: Common
A12: 45000 | B12: Common
... A21: 300000 | B21: Legendary
